id,upstreamId,queryId,schedulingThreadId,schedulingTime(us),executionThreadId,startTime(us),stopTime(us),pipeline
356313346585733,-1,1,1,0,33,13490,67369,StreamingPipeline(NodeIndexSeekOperator)
356313415066790,356313346585733,1,1,68481,33,68537,121582,StreamingPipeline(ExpandAllOperator,FilterOperator)
356313468201753,356313415066790,1,1,121616,33,121656,565285,StreamingPipeline(ExpandAllOperator,FilterOperator)
356313911914845,356313468201753,1,1,565329,33,568647,3768346,StreamingPipeline(ExpandAllOperator,FilterOperator,ProjectOperator,ProduceResultOperator)
356317115041057,356313911914845,1,1,3768455,33,3768529,5485854,StreamingPipeline(ExpandAllOperator,FilterOperator,ProjectOperator,ProduceResultOperator)
356318832498405,356317115041057,1,1,5485912,33,5485962,7247118,StreamingPipeline(ExpandAllOperator,FilterOperator,ProjectOperator,ProduceResultOperator)
356320593767386,356318832498405,1,1,7247181,33,7247245,8223112,StreamingPipeline(ExpandAllOperator,FilterOperator,ProjectOperator,ProduceResultOperator)
356321569742614,356320593767386,1,1,8223156,33,8223201,8992386,StreamingPipeline(ExpandAllOperator,FilterOperator,ProjectOperator,ProduceResultOperator)
356322339040156,356321569742614,1,1,8992454,33,8992535,9628869,StreamingPipeline(ExpandAllOperator,FilterOperator,ProjectOperator,ProduceResultOperator)
356322975588269,356322339040156,1,1,9629002,33,9629086,10422359,StreamingPipeline(ExpandAllOperator,FilterOperator,ProjectOperator,ProduceResultOperator)
356323769005188,356322975588269,1,1,10422419,33,10422467,10931711,StreamingPipeline(ExpandAllOperator,FilterOperator,ProjectOperator,ProduceResultOperator)
356324278344400,356323769005188,1,1,10931758,33,10931800,11321916,StreamingPipeline(ExpandAllOperator,FilterOperator,ProjectOperator,ProduceResultOperator)
356324669003604,356324278344400,1,1,11322417,33,11322632,11848375,StreamingPipeline(ExpandAllOperator,FilterOperator,ProjectOperator,ProduceResultOperator)
356325195084026,356324669003604,1,1,11848498,33,11848681,12143331,StreamingPipeline(ExpandAllOperator,FilterOperator,ProjectOperator,ProduceResultOperator)
356325490034538,356325195084026,1,1,12143448,33,12143822,12449610,StreamingPipeline(ExpandAllOperator,FilterOperator,ProjectOperator,ProduceResultOperator)
356325796255922,356325490034538,1,1,12449670,33,12449734,12762537,StreamingPipeline(ExpandAllOperator,FilterOperator,ProjectOperator,ProduceResultOperator)
356326109317180,356325796255922,1,1,12762731,33,12762911,13043668,StreamingPipeline(ExpandAllOperator,FilterOperator,ProjectOperator,ProduceResultOperator)
356326390297851,356326109317180,1,1,13043712,33,13043808,13193170,StreamingPipeline(ExpandAllOperator,FilterOperator,ProjectOperator,ProduceResultOperator)
356326539797153,356326390297851,1,1,13193211,33,13193367,13365795,StreamingPipeline(ExpandAllOperator,FilterOperator,ProjectOperator,ProduceResultOperator)
356326712427081,356326539797153,1,1,13365841,33,13365911,13460491,StreamingPipeline(ExpandAllOperator,FilterOperator,ProjectOperator,ProduceResultOperator)
356326875164301,356326684505069,1,1,13528578,33,13529053,13710412,StreamingPipeline(ExpandAllOperator,FilterOperator,ProjectOperator,ProduceResultOperator)
356327155535357,356326875164301,1,1,13808949,33,13808996,14038312,StreamingPipeline(ExpandAllOperator,FilterOperator,ProjectOperator,ProduceResultOperator)
356327470232981,356327155535357,1,1,14123647,33,14123678,14253855,StreamingPipeline(ExpandAllOperator,FilterOperator,ProjectOperator,ProduceResultOperator)
356327661886771,356327470232981,1,1,14315301,33,14315443,14435490,StreamingPipeline(ExpandAllOperator,FilterOperator,ProjectOperator,ProduceResultOperator)
356327876590408,356327713178887,1,1,14530004,33,14530061,14837673,StreamingPipeline(ExpandAllOperator,FilterOperator,ProjectOperator,ProduceResultOperator)
356328184316564,356327876590408,1,1,14837730,33,14837830,15175377,StreamingPipeline(ExpandAllOperator,FilterOperator,ProjectOperator,ProduceResultOperator)
356328522098304,356328184316564,1,1,15175512,33,15175644,15485799,StreamingPipeline(ExpandAllOperator,FilterOperator,ProjectOperator,ProduceResultOperator)
356328833798650,356328522098304,1,1,15487212,33,15487714,15674206,StreamingPipeline(ExpandAllOperator,FilterOperator,ProjectOperator,ProduceResultOperator)
356329020929890,356328833869817,1,1,15674344,33,15674397,15826822,StreamingPipeline(ExpandAllOperator,FilterOperator,ProjectOperator,ProduceResultOperator)
356329261591233,356329020947312,1,1,15915005,33,15915026,15951466,StreamingPipeline(ExpandAllOperator,FilterOperator,ProjectOperator,ProduceResultOperator)
356329358418680,356329261655088,1,1,16011832,33,16011891,16102452,StreamingPipeline(ExpandAllOperator,FilterOperator,ProjectOperator,ProduceResultOperator)
356329475852457,356329358408324,1,1,16129266,33,16129311,16218898,StreamingPipeline(ExpandAllOperator,FilterOperator,ProjectOperator,ProduceResultOperator)
356329609088144,356329475839623,1,1,16262502,33,16262579,16342670,StreamingPipeline(ExpandAllOperator,FilterOperator,ProjectOperator,ProduceResultOperator)
356329764486833,356329609127549,1,1,16417901,33,16417953,16456276,StreamingPipeline(ExpandAllOperator,FilterOperator,ProjectOperator,ProduceResultOperator)
356329976594116,356329764486833,1,1,16630008,33,16630084,16662358,StreamingPipeline(ExpandAllOperator,FilterOperator,ProjectOperator,ProduceResultOperator)
356330137791861,356329976598575,1,1,16791206,33,16791259,16909807,StreamingPipeline(ExpandAllOperator,FilterOperator,ProjectOperator,ProduceResultOperator)
356330304487097,356330137768747,1,1,16957901,33,16957970,16994811,StreamingPipeline(ExpandAllOperator,FilterOperator,ProjectOperator,ProduceResultOperator)
356330427910713,356330304511496,1,1,17081324,33,17081364,17122913,StreamingPipeline(ExpandAllOperator,FilterOperator,ProjectOperator,ProduceResultOperator)
356330573981105,356330427910713,1,1,17227395,33,17227441,17287147,StreamingPipeline(ExpandAllOperator,FilterOperator,ProjectOperator,ProduceResultOperator)
356330710851964,356330573963941,1,1,17364266,33,17364310,17401723,StreamingPipeline(ExpandAllOperator,FilterOperator,ProjectOperator,ProduceResultOperator)
356330782332553,356330710863669,1,1,17435746,33,17435802,17472711,StreamingPipeline(ExpandAllOperator,FilterOperator,ProjectOperator,ProduceResultOperator)
356330854894786,356330782332553,1,1,17508309,33,17508339,17535497,StreamingPipeline(ExpandAllOperator,FilterOperator,ProjectOperator,ProduceResultOperator)
356330999510226,356330899693391,1,1,17652924,33,17652950,17693525,StreamingPipeline(ExpandAllOperator,FilterOperator,ProjectOperator,ProduceResultOperator)
356331125953554,356330999503444,1,1,17779367,33,17779435,17857599,StreamingPipeline(ExpandAllOperator,FilterOperator,ProjectOperator,ProduceResultOperator)
356331226872918,356331125937423,1,1,17880287,33,17880323,17917297,StreamingPipeline(ExpandAllOperator,FilterOperator,ProjectOperator,ProduceResultOperator)
356331308073645,356331226887183,1,1,17961487,33,17961525,17989379,StreamingPipeline(ExpandAllOperator,FilterOperator,ProjectOperator,ProduceResultOperator)
356331389703053,356331308073645,1,1,18043117,33,18043131,18073847,StreamingPipeline(ExpandAllOperator,FilterOperator,ProjectOperator,ProduceResultOperator)
356331457346342,356331389716587,1,1,18110760,33,18110781,18191959,StreamingPipeline(ExpandAllOperator,FilterOperator,ProjectOperator,ProduceResultOperator)
356331538587705,356331457346342,1,1,18192001,33,18192046,18260961,StreamingPipeline(ExpandAllOperator,FilterOperator,ProjectOperator,ProduceResultOperator)
356331637558133,356331513253152,1,1,18290972,33,18290992,18349903,StreamingPipeline(ExpandAllOperator,FilterOperator,ProjectOperator,ProduceResultOperator)
356331743149444,356331637571722,1,1,18396563,33,18396737,18434115,StreamingPipeline(ExpandAllOperator,FilterOperator,ProjectOperator,ProduceResultOperator)
356331800153277,356331743138150,1,1,18453567,33,18453633,18491929,StreamingPipeline(ExpandAllOperator,FilterOperator,ProjectOperator,ProduceResultOperator)
356331875855951,356331800192587,1,1,18529270,33,18529308,18591855,StreamingPipeline(ExpandAllOperator,FilterOperator,ProjectOperator,ProduceResultOperator)
356331975279669,356331875855951,1,1,18628693,33,18628741,18695668,StreamingPipeline(ExpandAllOperator,FilterOperator,ProjectOperator,ProduceResultOperator)
356332098634141,356331975253154,1,1,18752048,33,18752094,18794362,StreamingPipeline(ExpandAllOperator,FilterOperator,ProjectOperator,ProduceResultOperator)
356332194791014,356332098649610,1,1,18848205,33,18848212,18883044,StreamingPipeline(ExpandAllOperator,FilterOperator,ProjectOperator,ProduceResultOperator)
356332285183576,356332194791014,1,1,18938597,33,18938665,18968529,StreamingPipeline(ExpandAllOperator,FilterOperator,ProjectOperator,ProduceResultOperator)
356332357100365,356332285183576,1,1,19010514,33,19010585,19075175,StreamingPipeline(ExpandAllOperator,FilterOperator,ProjectOperator,ProduceResultOperator)
356332524676989,356332357189212,1,1,19178091,33,19178135,19262349,StreamingPipeline(ExpandAllOperator,FilterOperator,ProjectOperator,ProduceResultOperator)
356332647986717,356332524659028,1,1,19301400,33,19301442,19356166,StreamingPipeline(ExpandAllOperator,FilterOperator,ProjectOperator,ProduceResultOperator)
356332709206401,356332647986717,1,1,19362620,33,19362685,19469144,StreamingPipeline(ExpandAllOperator,FilterOperator,ProjectOperator,ProduceResultOperator)
356332840585706,356332709206401,1,1,19493999,33,19494027,19659189,StreamingPipeline(ExpandAllOperator,FilterOperator,ProjectOperator,ProduceResultOperator)
356333005865656,356332840585706,1,1,19659279,33,19659305,19694617,StreamingPipeline(ExpandAllOperator,FilterOperator,ProjectOperator,ProduceResultOperator)
356333058604894,356333005897211,1,1,19712019,33,19712050,19767423,StreamingPipeline(ExpandAllOperator,FilterOperator,ProjectOperator,ProduceResultOperator)
356333172866170,356333058616759,1,1,19826280,33,19826291,19857629,StreamingPipeline(ExpandAllOperator,FilterOperator,ProjectOperator,ProduceResultOperator)
356333846462895,356333758791656,1,1,20499877,33,20499888,20534366,StreamingPipeline(ExpandAllOperator,FilterOperator,ProjectOperator,ProduceResultOperator)
356333931040458,356333846453065,1,1,20584454,33,20584518,20650970,StreamingPipeline(ExpandAllOperator,FilterOperator,ProjectOperator,ProduceResultOperator)
356334037970635,356333931040458,1,1,20691384,33,20691391,20738372,StreamingPipeline(ExpandAllOperator,FilterOperator,ProjectOperator,ProduceResultOperator)
356334171778623,356334037970635,1,1,20825192,33,20825287,20855922,StreamingPipeline(ExpandAllOperator,FilterOperator,ProjectOperator,ProduceResultOperator)
356334256240597,356334171781892,1,1,20909654,33,20909721,20936053,StreamingPipeline(ExpandAllOperator,FilterOperator,ProjectOperator,ProduceResultOperator)
356334326683923,356334256206962,1,1,20980098,33,20980157,21048988,StreamingPipeline(ExpandAllOperator,FilterOperator,ProjectOperator,ProduceResultOperator)
356334395626591,356334326683923,1,1,21049040,33,21049069,21120233,StreamingPipeline(ExpandAllOperator,FilterOperator,ProjectOperator,ProduceResultOperator)
356334466862984,356334395626591,1,1,21120277,33,21120322,21157554,StreamingPipeline(ExpandAllOperator,FilterOperator,ProjectOperator,ProduceResultOperator)
356334504236605,356334466919151,1,1,21157650,33,21157686,21192510,StreamingPipeline(ExpandAllOperator,FilterOperator,ProjectOperator,ProduceResultOperator)
356334598985405,356334504229273,1,1,21252399,33,21252440,21271562,StreamingPipeline(ExpandAllOperator,FilterOperator,ProjectOperator,ProduceResultOperator)
356313911965149,356313468201753,1,1,565379,36,568034,3308016,StreamingPipeline(ExpandAllOperator,FilterOperator,ProjectOperator,ProduceResultOperator)
356317115151580,356313912969696,1,1,3768565,36,3768628,5449466,StreamingPipeline(ExpandAllOperator,FilterOperator,ProjectOperator,ProduceResultOperator)
356318832544384,356317115122947,1,1,5485958,36,5485989,6786980,StreamingPipeline(ExpandAllOperator,FilterOperator,ProjectOperator,ProduceResultOperator)
356320608594329,356318832596133,1,1,7262008,36,7262245,8294140,StreamingPipeline(ExpandAllOperator,FilterOperator,ProjectOperator,ProduceResultOperator)
356321717474381,356320608594329,1,1,8370888,36,8371021,9287205,StreamingPipeline(ExpandAllOperator,FilterOperator,ProjectOperator,ProduceResultOperator)
356322633891551,356321717474381,1,1,9287305,36,9287370,9882065,StreamingPipeline(ExpandAllOperator,FilterOperator,ProjectOperator,ProduceResultOperator)
356323254752458,356322633891551,1,1,9908166,36,9908267,10426470,StreamingPipeline(ExpandAllOperator,FilterOperator,ProjectOperator,ProduceResultOperator)
356323773118468,356323254752458,1,1,10426532,36,10426579,11024808,StreamingPipeline(ExpandAllOperator,FilterOperator,ProjectOperator,ProduceResultOperator)
356324371456143,356323773118468,1,1,11024870,36,11024917,11562968,StreamingPipeline(ExpandAllOperator,FilterOperator,ProjectOperator,ProduceResultOperator)
356324909620114,356324371456143,1,1,11563034,36,11563093,11897226,StreamingPipeline(ExpandAllOperator,FilterOperator,ProjectOperator,ProduceResultOperator)
356325243897295,356324909620114,1,1,11897311,36,11897430,12207776,StreamingPipeline(ExpandAllOperator,FilterOperator,ProjectOperator,ProduceResultOperator)
356325554462011,356325243897295,1,1,12207876,36,12207930,12469217,StreamingPipeline(ExpandAllOperator,FilterOperator,ProjectOperator,ProduceResultOperator)
356326390385036,356326109711864,1,1,13043799,36,13043985,13330017,StreamingPipeline(ExpandAllOperator,FilterOperator,ProjectOperator,ProduceResultOperator)
356326684505069,356326390385036,1,1,13337919,36,13337981,13435879,StreamingPipeline(ExpandAllOperator,FilterOperator,ProjectOperator,ProduceResultOperator)
356326920948698,356326749560260,1,1,13574362,36,13574420,13667965,StreamingPipeline(ExpandAllOperator,FilterOperator,ProjectOperator,ProduceResultOperator)
356327270875060,356326920948698,1,1,13924289,36,13924338,13975534,StreamingPipeline(ExpandAllOperator,FilterOperator,ProjectOperator,ProduceResultOperator)
356327485023532,356327270854211,1,1,14138437,36,14138495,14190940,StreamingPipeline(ExpandAllOperator,FilterOperator,ProjectOperator,ProduceResultOperator)
356327713227198,356327485023532,1,1,14366641,36,14366667,14424125,StreamingPipeline(ExpandAllOperator,FilterOperator,ProjectOperator,ProduceResultOperator)
356327876624014,356327713245825,1,1,14530038,36,14530086,14593642,StreamingPipeline(ExpandAllOperator,FilterOperator,ProjectOperator,ProduceResultOperator)
356328184382733,356328011771894,1,1,14837797,36,14837842,15026506,StreamingPipeline(ExpandAllOperator,FilterOperator,ProjectOperator,ProduceResultOperator)
356328522210064,356328184356069,1,1,15175624,36,15175763,15265854,StreamingPipeline(ExpandAllOperator,FilterOperator,ProjectOperator,ProduceResultOperator)
356328833898170,356328522297935,1,1,15487312,36,15494562,15544964,StreamingPipeline(ExpandAllOperator,FilterOperator,ProjectOperator,ProduceResultOperator)
356329020947312,356328833898170,1,1,15674361,36,15674394,15802207,StreamingPipeline(ExpandAllOperator,FilterOperator,ProjectOperator,ProduceResultOperator)
356329261655088,356329020979716,1,1,15915069,36,15915114,15987566,StreamingPipeline(ExpandAllOperator,FilterOperator,ProjectOperator,ProduceResultOperator)
356329358395694,356329261576186,1,1,16011809,36,16011859,16042847,StreamingPipeline(ExpandAllOperator,FilterOperator,ProjectOperator,ProduceResultOperator)
356329475858795,356329358414244,1,1,16129273,36,16129328,16206343,StreamingPipeline(ExpandAllOperator,FilterOperator,ProjectOperator,ProduceResultOperator)
356329609127549,356329475858795,1,1,16262541,36,16262556,16331707,StreamingPipeline(ExpandAllOperator,FilterOperator,ProjectOperator,ProduceResultOperator)
356329764490921,356329609139176,1,1,16417905,36,16417960,16436207,StreamingPipeline(ExpandAllOperator,FilterOperator,ProjectOperator,ProduceResultOperator)
356329976598575,356329764490921,1,1,16630012,36,16630062,16752671,StreamingPipeline(ExpandAllOperator,FilterOperator,ProjectOperator,ProduceResultOperator)
356330137768747,356329976575975,1,1,16791183,36,16791234,16853142,StreamingPipeline(ExpandAllOperator,FilterOperator,ProjectOperator,ProduceResultOperator)
356330304519400,356330137791861,1,1,16957933,36,16958009,17028277,StreamingPipeline(ExpandAllOperator,FilterOperator,ProjectOperator,ProduceResultOperator)
356330427871388,356330304487097,1,1,17081285,36,17081343,17117904,StreamingPipeline(ExpandAllOperator,FilterOperator,ProjectOperator,ProduceResultOperator)
356330573985198,356330427918336,1,1,17227399,36,17227450,17280938,StreamingPipeline(ExpandAllOperator,FilterOperator,ProjectOperator,ProduceResultOperator)
356330710863669,356330573975821,1,1,17364277,36,17364322,17401225,StreamingPipeline(ExpandAllOperator,FilterOperator,ProjectOperator,ProduceResultOperator)
356330782338247,356330710873936,1,1,17435752,36,17435791,17478419,StreamingPipeline(ExpandAllOperator,FilterOperator,ProjectOperator,ProduceResultOperator)
356330854865855,356330782320550,1,1,17508280,36,17508361,17545486,StreamingPipeline(ExpandAllOperator,FilterOperator,ProjectOperator,ProduceResultOperator)
356330999503444,356330854907552,1,1,17652917,36,17652949,17710794,StreamingPipeline(ExpandAllOperator,FilterOperator,ProjectOperator,ProduceResultOperator)
356331125937423,356330999467371,1,1,17779351,36,17779407,17809685,StreamingPipeline(ExpandAllOperator,FilterOperator,ProjectOperator,ProduceResultOperator)
356331226893650,356331125953554,1,1,17880307,36,17880342,17915313,StreamingPipeline(ExpandAllOperator,FilterOperator,ProjectOperator,ProduceResultOperator)
356331308086436,356331226893650,1,1,17961500,36,17961564,18003374,StreamingPipeline(ExpandAllOperator,FilterOperator,ProjectOperator,ProduceResultOperator)
356331389690634,356331308061020,1,1,18043104,36,18043124,18076799,StreamingPipeline(ExpandAllOperator,FilterOperator,ProjectOperator,ProduceResultOperator)
356331457336416,356331389703053,1,1,18110750,36,18110785,18141008,StreamingPipeline(ExpandAllOperator,FilterOperator,ProjectOperator,ProduceResultOperator)
356331513253152,356331457324439,1,1,18166667,36,18166751,18238392,StreamingPipeline(ExpandAllOperator,FilterOperator,ProjectOperator,ProduceResultOperator)
356331637588511,356331538587705,1,1,18291002,36,18291037,18349067,StreamingPipeline(ExpandAllOperator,FilterOperator,ProjectOperator,ProduceResultOperator)
356331743154501,356331637588511,1,1,18396568,36,18396630,18424712,StreamingPipeline(ExpandAllOperator,FilterOperator,ProjectOperator,ProduceResultOperator)
356331800176435,356331743149444,1,1,18453590,36,18453650,18503632,StreamingPipeline(ExpandAllOperator,FilterOperator,ProjectOperator,ProduceResultOperator)
356331875850454,356331800176435,1,1,18529264,36,18529313,18598819,StreamingPipeline(ExpandAllOperator,FilterOperator,ProjectOperator,ProduceResultOperator)
356331975275072,356331875850454,1,1,18628689,36,18628734,18662274,StreamingPipeline(ExpandAllOperator,FilterOperator,ProjectOperator,ProduceResultOperator)
356332098664758,356331975279669,1,1,18752079,36,18752113,18831858,StreamingPipeline(ExpandAllOperator,FilterOperator,ProjectOperator,ProduceResultOperator)
356332194775301,356332098634141,1,1,18848189,36,18848208,18886525,StreamingPipeline(ExpandAllOperator,FilterOperator,ProjectOperator,ProduceResultOperator)
356332285170186,356332194775301,1,1,18938584,36,18938646,18999462,StreamingPipeline(ExpandAllOperator,FilterOperator,ProjectOperator,ProduceResultOperator)
356332357087419,356332285170186,1,1,19010501,36,19010580,19087562,StreamingPipeline(ExpandAllOperator,FilterOperator,ProjectOperator,ProduceResultOperator)
356332524674767,356332357104033,1,1,19178089,36,19178131,19217616,StreamingPipeline(ExpandAllOperator,FilterOperator,ProjectOperator,ProduceResultOperator)
356332647999004,356332524671677,1,1,19301413,36,19301456,19341339,StreamingPipeline(ExpandAllOperator,FilterOperator,ProjectOperator,ProduceResultOperator)
356332709222555,356332648002369,1,1,19362636,36,19362693,19405297,StreamingPipeline(ExpandAllOperator,FilterOperator,ProjectOperator,ProduceResultOperator)
356332840627354,356332709222555,1,1,19494041,36,19494066,19637668,StreamingPipeline(ExpandAllOperator,FilterOperator,ProjectOperator,ProduceResultOperator)
356333005911454,356332840627354,1,1,19659325,36,19659350,19689762,StreamingPipeline(ExpandAllOperator,FilterOperator,ProjectOperator,ProduceResultOperator)
356333058616759,356333005911454,1,1,19712031,36,19712062,19765243,StreamingPipeline(ExpandAllOperator,FilterOperator,ProjectOperator,ProduceResultOperator)
356333172879021,356333088065940,1,1,19826293,36,19826328,19887350,StreamingPipeline(ExpandAllOperator,FilterOperator,ProjectOperator,ProduceResultOperator)
356333261941827,356333172768186,1,1,19915356,36,19915419,19977098,StreamingPipeline(ExpandAllOperator,FilterOperator,ProjectOperator,ProduceResultOperator)
356333323724408,356333261941827,1,1,19977138,36,19977173,20040550,StreamingPipeline(ExpandAllOperator,FilterOperator,ProjectOperator,ProduceResultOperator)
356333387185852,356333323724408,1,1,20040600,36,20040699,20117617,StreamingPipeline(ExpandAllOperator,FilterOperator,ProjectOperator,ProduceResultOperator)
356333464236174,356333387185852,1,1,20117650,36,20117722,20180402,StreamingPipeline(ExpandAllOperator,FilterOperator,ProjectOperator,ProduceResultOperator)
356333527029450,356333464236174,1,1,20180443,36,20180471,20224939,StreamingPipeline(ExpandAllOperator,FilterOperator,ProjectOperator,ProduceResultOperator)
356333571675441,356333527029450,1,1,20225089,36,20225136,20302972,StreamingPipeline(ExpandAllOperator,FilterOperator,ProjectOperator,ProduceResultOperator)
356333656979902,356333571675441,1,1,20310394,36,20310445,20412149,StreamingPipeline(ExpandAllOperator,FilterOperator,ProjectOperator,ProduceResultOperator)
356333758760158,356333656979902,1,1,20412174,36,20412205,20499817,StreamingPipeline(ExpandAllOperator,FilterOperator,ProjectOperator,ProduceResultOperator)
356333846428648,356333758760158,1,1,20499842,36,20499899,20584359,StreamingPipeline(ExpandAllOperator,FilterOperator,ProjectOperator,ProduceResultOperator)
356333931000818,356333846428648,1,1,20584415,36,20584502,20691302,StreamingPipeline(ExpandAllOperator,FilterOperator,ProjectOperator,ProduceResultOperator)
356334037929854,356333931000818,1,1,20691344,36,20691384,20825070,StreamingPipeline(ExpandAllOperator,FilterOperator,ProjectOperator,ProduceResultOperator)
356334171728180,356334037929854,1,1,20825142,36,20825237,20909575,StreamingPipeline(ExpandAllOperator,FilterOperator,ProjectOperator,ProduceResultOperator)
356334256206962,356334171728180,1,1,20909621,36,20909682,20979997,StreamingPipeline(ExpandAllOperator,FilterOperator,ProjectOperator,ProduceResultOperator)
356334326711294,356334256237265,1,1,20980125,36,20980161,21013414,StreamingPipeline(ExpandAllOperator,FilterOperator,ProjectOperator,ProduceResultOperator)
356334395657910,356334326718810,1,1,21049072,36,21049087,21086246,StreamingPipeline(ExpandAllOperator,FilterOperator,ProjectOperator,ProduceResultOperator)
356334466886378,356334395649576,1,1,21120300,36,21120344,21136587,StreamingPipeline(ExpandAllOperator,FilterOperator,ProjectOperator,ProduceResultOperator)
356334504229273,356334466886378,1,1,21157643,36,21157684,21183593,StreamingPipeline(ExpandAllOperator,FilterOperator,ProjectOperator,ProduceResultOperator)
356334598994793,356334504236605,1,1,21252409,36,21252437,21288276,StreamingPipeline(ExpandAllOperator,FilterOperator,ProjectOperator,ProduceResultOperator)
356334669190519,356334598907049,1,1,21322604,36,21322690,21404295,StreamingPipeline(ExpandAllOperator,FilterOperator,ProjectOperator,ProduceResultOperator)
356334750947056,356334669212000,1,1,21404361,36,21404392,21418638,StreamingPipeline(ExpandAllOperator,FilterOperator,ProjectOperator,ProduceResultOperator)
356335154824590,356335099530445,1,1,21808238,36,21808273,21831129,StreamingPipeline(ExpandAllOperator,FilterOperator,ProjectOperator,ProduceResultOperator)
356335206302764,356335154824590,1,1,21859717,36,21859745,21875129,StreamingPipeline(ExpandAllOperator,FilterOperator,ProjectOperator,ProduceResultOperator)
356335261092844,356335206302764,1,1,21914507,36,21914530,21927934,StreamingPipeline(ExpandAllOperator,FilterOperator,ProjectOperator,ProduceResultOperator)
356335322294475,356335261092844,1,1,21975708,36,21975783,21991579,StreamingPipeline(ExpandAllOperator,FilterOperator,ProjectOperator,ProduceResultOperator)
356335396563385,356335322294475,1,1,22049977,36,22050008,22072462,StreamingPipeline(ExpandAllOperator,FilterOperator,ProjectOperator,ProduceResultOperator)
356335447886341,356335396563385,1,1,22101300,36,22101356,22133455,StreamingPipeline(ExpandAllOperator,FilterOperator,ProjectOperator,ProduceResultOperator)
356326390394725,356326109731401,1,1,13043808,37,13044022,13313445,StreamingPipeline(ExpandAllOperator,FilterOperator,ProjectOperator,ProduceResultOperator)
356326684531375,356326390394725,1,1,13337945,37,13337984,13574235,StreamingPipeline(ExpandAllOperator,FilterOperator,ProjectOperator,ProduceResultOperator)
356326920871418,356326684531375,1,1,13574285,37,13574327,13924166,StreamingPipeline(ExpandAllOperator,FilterOperator,ProjectOperator,ProduceResultOperator)
356327270854211,356326920920262,1,1,13924268,37,13924353,13981273,StreamingPipeline(ExpandAllOperator,FilterOperator,ProjectOperator,ProduceResultOperator)
356328522315100,356328184382733,1,1,15175729,37,15175765,15410346,StreamingPipeline(ExpandAllOperator,FilterOperator,ProjectOperator,ProduceResultOperator)
356329609139176,356329475863262,1,1,16262553,37,16262564,16367281,StreamingPipeline(ExpandAllOperator,FilterOperator,ProjectOperator,ProduceResultOperator)
356329764469269,356329609088144,1,1,16417883,37,16417933,16473000,StreamingPipeline(ExpandAllOperator,FilterOperator,ProjectOperator,ProduceResultOperator)
356329976575975,356329764469269,1,1,16629990,37,16630053,16676158,StreamingPipeline(ExpandAllOperator,FilterOperator,ProjectOperator,ProduceResultOperator)
356330137787420,356329976594116,1,1,16791201,37,16791319,16862460,StreamingPipeline(ExpandAllOperator,FilterOperator,ProjectOperator,ProduceResultOperator)
356330304511496,356330137787420,1,1,16957925,37,16957990,16986745,StreamingPipeline(ExpandAllOperator,FilterOperator,ProjectOperator,ProduceResultOperator)
356330427918336,356330304519400,1,1,17081332,37,17081381,17174460,StreamingPipeline(ExpandAllOperator,FilterOperator,ProjectOperator,ProduceResultOperator)
356330573963941,356330427871388,1,1,17227378,37,17227424,17253534,StreamingPipeline(ExpandAllOperator,FilterOperator,ProjectOperator,ProduceResultOperator)
356330710878781,356330573985198,1,1,17364293,37,17364355,17457112,StreamingPipeline(ExpandAllOperator,FilterOperator,ProjectOperator,ProduceResultOperator)
356330803765653,356330710878781,1,1,17457179,37,17457225,17553031,StreamingPipeline(ExpandAllOperator,FilterOperator,ProjectOperator,ProduceResultOperator)
356330899693391,356330803765653,1,1,17553107,37,17553166,17612486,StreamingPipeline(ExpandAllOperator,FilterOperator,ProjectOperator,ProduceResultOperator)
356330999482982,356330854894786,1,1,17652897,37,17652935,17681432,StreamingPipeline(ExpandAllOperator,FilterOperator,ProjectOperator,ProduceResultOperator)
356331125975426,356330999510226,1,1,17779389,37,17779445,17812961,StreamingPipeline(ExpandAllOperator,FilterOperator,ProjectOperator,ProduceResultOperator)
356331226887183,356331125948478,1,1,17880301,37,17880414,17910502,StreamingPipeline(ExpandAllOperator,FilterOperator,ProjectOperator,ProduceResultOperator)
356333549056536,356333493960873,1,1,20202470,37,20202487,20223848,StreamingPipeline(ExpandAllOperator,FilterOperator,ProjectOperator,ProduceResultOperator)
356333593385400,356333549056536,1,1,20246799,37,20246818,20284674,StreamingPipeline(ExpandAllOperator,FilterOperator,ProjectOperator,ProduceResultOperator)
356333656986143,356333593340656,1,1,20310400,37,20310461,20389619,StreamingPipeline(ExpandAllOperator,FilterOperator,ProjectOperator,ProduceResultOperator)
356333758771085,356333656986143,1,1,20412185,37,20412243,20448548,StreamingPipeline(ExpandAllOperator,FilterOperator,ProjectOperator,ProduceResultOperator)
356333846453065,356333758783890,1,1,20499867,37,20499891,20526916,StreamingPipeline(ExpandAllOperator,FilterOperator,ProjectOperator,ProduceResultOperator)
356333931043554,356333846462895,1,1,20584457,37,20584519,20655459,StreamingPipeline(ExpandAllOperator,FilterOperator,ProjectOperator,ProduceResultOperator)
356334037953802,356333931027561,1,1,20691368,37,20691385,20740426,StreamingPipeline(ExpandAllOperator,FilterOperator,ProjectOperator,ProduceResultOperator)
356334171781892,356334037981787,1,1,20825196,37,20825267,20867333,StreamingPipeline(ExpandAllOperator,FilterOperator,ProjectOperator,ProduceResultOperator)
356334256224829,356334171764375,1,1,20909639,37,20909686,20914233,StreamingPipeline(ExpandAllOperator,FilterOperator,ProjectOperator,ProduceResultOperator)
356334466919151,356334395657910,1,1,21120333,37,21120348,21142476,StreamingPipeline(ExpandAllOperator,FilterOperator,ProjectOperator,ProduceResultOperator)
356334504202147,356334466862984,1,1,21157616,37,21157671,21252227,StreamingPipeline(ExpandAllOperator,FilterOperator,ProjectOperator,ProduceResultOperator)
356334598907049,356334504202147,1,1,21252321,37,21252432,21322542,StreamingPipeline(ExpandAllOperator,FilterOperator,ProjectOperator,ProduceResultOperator)
356334669212000,356334598985405,1,1,21322626,37,21322693,21343399,StreamingPipeline(ExpandAllOperator,FilterOperator,ProjectOperator,ProduceResultOperator)
356334750953041,356334669217528,1,1,21404367,37,21404398,21445760,StreamingPipeline(ExpandAllOperator,FilterOperator,ProjectOperator,ProduceResultOperator)
356334836355009,356334750953041,1,1,21489769,37,21489783,21557273,StreamingPipeline(ExpandAllOperator,FilterOperator,ProjectOperator,ProduceResultOperator)
356334937424986,356334836355009,1,1,21590839,37,21590903,21617573,StreamingPipeline(ExpandAllOperator,FilterOperator,ProjectOperator,ProduceResultOperator)
356334982575598,356334937424986,1,1,21635989,37,21636010,21659652,StreamingPipeline(ExpandAllOperator,FilterOperator,ProjectOperator,ProduceResultOperator)
356335021742712,356334982575598,1,1,21675156,37,21675218,21699655,StreamingPipeline(ExpandAllOperator,FilterOperator,ProjectOperator,ProduceResultOperator)
356335099530445,356335021742712,1,1,21752944,37,21752972,21780727,StreamingPipeline(ExpandAllOperator,FilterOperator,ProjectOperator,ProduceResultOperator)
356313912969696,356313468201753,1,1,566383,39,569079,3477073,StreamingPipeline(ExpandAllOperator,FilterOperator,ProjectOperator,ProduceResultOperator)
356317115122947,356313911965149,1,1,3768537,39,3768606,5116444,StreamingPipeline(ExpandAllOperator,FilterOperator,ProjectOperator,ProduceResultOperator)
356318832596133,356317115187940,1,1,5486010,39,5486040,7112133,StreamingPipeline(ExpandAllOperator,FilterOperator,ProjectOperator,ProduceResultOperator)
356320593809175,356318832544384,1,1,7247223,39,7247293,8114915,StreamingPipeline(ExpandAllOperator,FilterOperator,ProjectOperator,ProduceResultOperator)
356321569790744,356320593845716,1,1,8223205,39,8223258,9002310,StreamingPipeline(ExpandAllOperator,FilterOperator,ProjectOperator,ProduceResultOperator)
356322453964329,356321569776462,1,1,9107378,39,9107492,9744796,StreamingPipeline(ExpandAllOperator,FilterOperator,ProjectOperator,ProduceResultOperator)
356323091432776,356322453964329,1,1,9744847,39,9744923,10316984,StreamingPipeline(ExpandAllOperator,FilterOperator,ProjectOperator,ProduceResultOperator)
356324758351467,356324278414208,1,1,11411765,39,11411847,11641114,StreamingPipeline(ExpandAllOperator,FilterOperator,ProjectOperator,ProduceResultOperator)
356325195166103,356324758155694,1,1,11848580,39,11848706,12076750,StreamingPipeline(ExpandAllOperator,FilterOperator,ProjectOperator,ProduceResultOperator)
356325490148187,356325195135413,1,1,12143562,39,12143920,12449398,StreamingPipeline(ExpandAllOperator,FilterOperator,ProjectOperator,ProduceResultOperator)
356325796311292,356325490148187,1,1,12449725,39,12449774,12683213,StreamingPipeline(ExpandAllOperator,FilterOperator,ProjectOperator,ProduceResultOperator)
356326109711864,356325796369993,1,1,12763126,39,12763195,13042482,StreamingPipeline(ExpandAllOperator,FilterOperator,ProjectOperator,ProduceResultOperator)
356326390347854,356326109483743,1,1,13043762,39,13044582,13202298,StreamingPipeline(ExpandAllOperator,FilterOperator,ProjectOperator,ProduceResultOperator)
356326548937716,356326390347854,1,1,13202351,39,13202544,13402896,StreamingPipeline(ExpandAllOperator,FilterOperator,ProjectOperator,ProduceResultOperator)
356326749560260,356326548937716,1,1,13402974,39,13404212,13460187,StreamingPipeline(ExpandAllOperator,FilterOperator,ProjectOperator,ProduceResultOperator)
356326920920262,356326712427081,1,1,13574334,39,13574370,13683942,StreamingPipeline(ExpandAllOperator,FilterOperator,ProjectOperator,ProduceResultOperator)
356327270802381,356326920871418,1,1,13924216,39,13924325,14138347,StreamingPipeline(ExpandAllOperator,FilterOperator,ProjectOperator,ProduceResultOperator)
356327484971658,356327270802381,1,1,14138385,39,14138439,14366551,StreamingPipeline(ExpandAllOperator,FilterOperator,ProjectOperator,ProduceResultOperator)
356327713178887,356327484971658,1,1,14366593,39,14366632,14508151,StreamingPipeline(ExpandAllOperator,FilterOperator,ProjectOperator,ProduceResultOperator)
356327876575899,356327661886771,1,1,14529990,39,14530039,14672400,StreamingPipeline(ExpandAllOperator,FilterOperator,ProjectOperator,ProduceResultOperator)
356328019035050,356327876575899,1,1,14672449,39,14672515,15038766,StreamingPipeline(ExpandAllOperator,FilterOperator,ProjectOperator,ProduceResultOperator)
356328385491321,356328019035050,1,1,15038905,39,15038958,15274249,StreamingPipeline(ExpandAllOperator,FilterOperator,ProjectOperator,ProduceResultOperator)
356328620893401,356328385491321,1,1,15274307,39,15274420,15361387,StreamingPipeline(ExpandAllOperator,FilterOperator,ProjectOperator,ProduceResultOperator)
356331743158011,356331637613396,1,1,18396572,39,18396698,18490427,StreamingPipeline(ExpandAllOperator,FilterOperator,ProjectOperator,ProduceResultOperator)
356331837072814,356331743158011,1,1,18490487,39,18490553,18628584,StreamingPipeline(ExpandAllOperator,FilterOperator,ProjectOperator,ProduceResultOperator)
356331975213513,356331837072814,1,1,18628627,39,18628716,18751938,StreamingPipeline(ExpandAllOperator,FilterOperator,ProjectOperator,ProduceResultOperator)
356332098576674,356331975213513,1,1,18751990,39,18752054,18848088,StreamingPipeline(ExpandAllOperator,FilterOperator,ProjectOperator,ProduceResultOperator)
356332194737152,356332098576674,1,1,18848151,39,18848209,18938514,StreamingPipeline(ExpandAllOperator,FilterOperator,ProjectOperator,ProduceResultOperator)
356332285148856,356332194737152,1,1,18938563,39,18938590,19010425,StreamingPipeline(ExpandAllOperator,FilterOperator,ProjectOperator,ProduceResultOperator)
356332357066292,356332285148856,1,1,19010480,39,19010545,19177989,StreamingPipeline(ExpandAllOperator,FilterOperator,ProjectOperator,ProduceResultOperator)
356332524623769,356332357066292,1,1,19178038,39,19178110,19301318,StreamingPipeline(ExpandAllOperator,FilterOperator,ProjectOperator,ProduceResultOperator)
356332647967418,356332524623769,1,1,19301381,39,19301443,19362556,StreamingPipeline(ExpandAllOperator,FilterOperator,ProjectOperator,ProduceResultOperator)
356332709188302,356332647967418,1,1,19362602,39,19362683,19493815,StreamingPipeline(ExpandAllOperator,FilterOperator,ProjectOperator,ProduceResultOperator)
356332840531114,356332709188302,1,1,19493945,39,19494006,19617640,StreamingPipeline(ExpandAllOperator,FilterOperator,ProjectOperator,ProduceResultOperator)
356332964334405,356332840531114,1,1,19617748,39,19617848,19711924,StreamingPipeline(ExpandAllOperator,FilterOperator,ProjectOperator,ProduceResultOperator)
356333058562104,356332964334405,1,1,19711976,39,19712004,19826079,StreamingPipeline(ExpandAllOperator,FilterOperator,ProjectOperator,ProduceResultOperator)
356333172768186,356333058562104,1,1,19826182,39,19826275,19915299,StreamingPipeline(ExpandAllOperator,FilterOperator,ProjectOperator,ProduceResultOperator)
356333261961957,356333172797673,1,1,19915376,39,19915420,19978263,StreamingPipeline(ExpandAllOperator,FilterOperator,ProjectOperator,ProduceResultOperator)
356333324891957,356333261961957,1,1,19978306,39,19978329,20068794,StreamingPipeline(ExpandAllOperator,FilterOperator,ProjectOperator,ProduceResultOperator)
356333415420054,356333324891957,1,1,20068834,39,20068916,20147313,StreamingPipeline(ExpandAllOperator,FilterOperator,ProjectOperator,ProduceResultOperator)
356333493927701,356333415420054,1,1,20147341,39,20147385,20202396,StreamingPipeline(ExpandAllOperator,FilterOperator,ProjectOperator,ProduceResultOperator)
356333549016593,356333493927701,1,1,20202430,39,20202480,20246720,StreamingPipeline(ExpandAllOperator,FilterOperator,ProjectOperator,ProduceResultOperator)
356333593340656,356333549016593,1,1,20246754,39,20246787,20275925,StreamingPipeline(ExpandAllOperator,FilterOperator,ProjectOperator,ProduceResultOperator)
356333656996014,356333593385400,1,1,20310410,39,20310472,20377148,StreamingPipeline(ExpandAllOperator,FilterOperator,ProjectOperator,ProduceResultOperator)
356333758783890,356333656993659,1,1,20412198,39,20412247,20454930,StreamingPipeline(ExpandAllOperator,FilterOperator,ProjectOperator,ProduceResultOperator)
356333846439040,356333758771085,1,1,20499853,39,20499879,20540492,StreamingPipeline(ExpandAllOperator,FilterOperator,ProjectOperator,ProduceResultOperator)
356333931027561,356333846439040,1,1,20584441,39,20584508,20650810,StreamingPipeline(ExpandAllOperator,FilterOperator,ProjectOperator,ProduceResultOperator)
356334037981787,356333931043554,1,1,20691396,39,20691405,20769956,StreamingPipeline(ExpandAllOperator,FilterOperator,ProjectOperator,ProduceResultOperator)
356334171764375,356334037953802,1,1,20825178,39,20825239,20846204,StreamingPipeline(ExpandAllOperator,FilterOperator,ProjectOperator,ProduceResultOperator)
356313914477761,356313468201753,1,1,567892,43,568140,3465495,StreamingPipeline(ExpandAllOperator,FilterOperator,ProjectOperator,ProduceResultOperator)
356323769095594,356323253850880,1,1,10422509,43,10422544,10782654,StreamingPipeline(ExpandAllOperator,FilterOperator,ProjectOperator,ProduceResultOperator)
356324278414208,356323769095594,1,1,10931828,43,10931869,11338134,StreamingPipeline(ExpandAllOperator,FilterOperator,ProjectOperator,ProduceResultOperator)
356325195176782,356324758351467,1,1,11848591,43,11848714,12060384,StreamingPipeline(ExpandAllOperator,FilterOperator,ProjectOperator,ProduceResultOperator)
356325490184867,356325195166103,1,1,12143599,43,12143976,12447447,StreamingPipeline(ExpandAllOperator,FilterOperator,ProjectOperator,ProduceResultOperator)
356325796350489,356325490184867,1,1,12449764,43,12450027,12697532,StreamingPipeline(ExpandAllOperator,FilterOperator,ProjectOperator,ProduceResultOperator)
356326109650110,356325796350489,1,1,12763064,43,12763176,12891590,StreamingPipeline(ExpandAllOperator,FilterOperator,ProjectOperator,ProduceResultOperator)
356326390368320,356326109650110,1,1,13043782,43,13043963,13337778,StreamingPipeline(ExpandAllOperator,FilterOperator,ProjectOperator,ProduceResultOperator)
356326684431503,356326390368320,1,1,13337845,43,13337971,13528485,StreamingPipeline(ExpandAllOperator,FilterOperator,ProjectOperator,ProduceResultOperator)
356326875121205,356326684431503,1,1,13528535,43,13528598,13808844,StreamingPipeline(ExpandAllOperator,FilterOperator,ProjectOperator,ProduceResultOperator)
356327155488801,356326875121205,1,1,13808903,43,13808976,14123572,StreamingPipeline(ExpandAllOperator,FilterOperator,ProjectOperator,ProduceResultOperator)
356327470205576,356327155488801,1,1,14123619,43,14123652,14315230,StreamingPipeline(ExpandAllOperator,FilterOperator,ProjectOperator,ProduceResultOperator)
356327661853563,356327470205576,1,1,14315267,43,14315344,14529890,StreamingPipeline(ExpandAllOperator,FilterOperator,ProjectOperator,ProduceResultOperator)
356327876541028,356327661853563,1,1,14529955,43,14530057,14665063,StreamingPipeline(ExpandAllOperator,FilterOperator,ProjectOperator,ProduceResultOperator)
356328011771894,356327876541028,1,1,14665186,43,14665284,14744678,StreamingPipeline(ExpandAllOperator,FilterOperator,ProjectOperator,ProduceResultOperator)
356328184373174,356327876624014,1,1,14837787,43,14837831,14925985,StreamingPipeline(ExpandAllOperator,FilterOperator,ProjectOperator,ProduceResultOperator)
356328833926343,356328522315100,1,1,15487340,43,15492713,15549100,StreamingPipeline(ExpandAllOperator,FilterOperator,ProjectOperator,ProduceResultOperator)
356329020979716,356328833956359,1,1,15674393,43,15674418,15808594,StreamingPipeline(ExpandAllOperator,FilterOperator,ProjectOperator,ProduceResultOperator)
356329261611397,356329020968562,1,1,15915025,43,15915093,15954142,StreamingPipeline(ExpandAllOperator,FilterOperator,ProjectOperator,ProduceResultOperator)
356329358408324,356329261591233,1,1,16011822,43,16011868,16049005,StreamingPipeline(ExpandAllOperator,FilterOperator,ProjectOperator,ProduceResultOperator)
356329475839623,356329358395694,1,1,16129253,43,16129305,16170928,StreamingPipeline(ExpandAllOperator,FilterOperator,ProjectOperator,ProduceResultOperator)
356331308098861,356331226899462,1,1,17961513,43,17961538,18086718,StreamingPipeline(ExpandAllOperator,FilterOperator,ProjectOperator,ProduceResultOperator)
356331433374840,356331308098861,1,1,18086789,43,18086834,18158023,StreamingPipeline(ExpandAllOperator,FilterOperator,ProjectOperator,ProduceResultOperator)
356331504644946,356331433374840,1,1,18158059,43,18158103,18241264,StreamingPipeline(ExpandAllOperator,FilterOperator,ProjectOperator,ProduceResultOperator)
356331587898571,356331504644946,1,1,18241312,43,18241359,18260348,StreamingPipeline(ExpandAllOperator,FilterOperator,ProjectOperator,ProduceResultOperator)
356331637571722,356331513326940,1,1,18290985,43,18291011,18364956,StreamingPipeline(ExpandAllOperator,FilterOperator,ProjectOperator,ProduceResultOperator)
356331743138150,356331637558133,1,1,18396552,43,18396600,18420625,StreamingPipeline(ExpandAllOperator,FilterOperator,ProjectOperator,ProduceResultOperator)
356331800192587,356331743154501,1,1,18453606,43,18453663,18503673,StreamingPipeline(ExpandAllOperator,FilterOperator,ProjectOperator,ProduceResultOperator)
356331875838602,356331800153277,1,1,18529252,43,18529302,18598955,StreamingPipeline(ExpandAllOperator,FilterOperator,ProjectOperator,ProduceResultOperator)
356331975268462,356331875838602,1,1,18628682,43,18628730,18667124,StreamingPipeline(ExpandAllOperator,FilterOperator,ProjectOperator,ProduceResultOperator)
356332098659215,356331975275072,1,1,18752073,43,18752107,18787603,StreamingPipeline(ExpandAllOperator,FilterOperator,ProjectOperator,ProduceResultOperator)
356332194819296,356332098664758,1,1,18848233,43,18848261,18886538,StreamingPipeline(ExpandAllOperator,FilterOperator,ProjectOperator,ProduceResultOperator)
356332285191559,356332194801591,1,1,18938605,43,18938669,18965254,StreamingPipeline(ExpandAllOperator,FilterOperator,ProjectOperator,ProduceResultOperator)
356332357104033,356332285191559,1,1,19010518,43,19010607,19093564,StreamingPipeline(ExpandAllOperator,FilterOperator,ProjectOperator,ProduceResultOperator)
356332524671677,356332357100365,1,1,19178085,43,19178126,19211677,StreamingPipeline(ExpandAllOperator,FilterOperator,ProjectOperator,ProduceResultOperator)
356332648004732,356332524676989,1,1,19301418,43,19301463,19404928,StreamingPipeline(ExpandAllOperator,FilterOperator,ProjectOperator,ProduceResultOperator)
356332751564166,356332648004732,1,1,19404978,43,19405018,19451275,StreamingPipeline(ExpandAllOperator,FilterOperator,ProjectOperator,ProduceResultOperator)
356332840615380,356332709218987,1,1,19494029,43,19494056,19651022,StreamingPipeline(ExpandAllOperator,FilterOperator,ProjectOperator,ProduceResultOperator)
356333005897211,356332840615380,1,1,19659311,43,19659339,19703050,StreamingPipeline(ExpandAllOperator,FilterOperator,ProjectOperator,ProduceResultOperator)
356333058586709,356333005865656,1,1,19712000,43,19712019,19765668,StreamingPipeline(ExpandAllOperator,FilterOperator,ProjectOperator,ProduceResultOperator)
356333172834755,356333058604894,1,1,19826249,43,19826350,19873349,StreamingPipeline(ExpandAllOperator,FilterOperator,ProjectOperator,ProduceResultOperator)
356333261975127,356333172834755,1,1,19915389,43,19915443,19955760,StreamingPipeline(ExpandAllOperator,FilterOperator,ProjectOperator,ProduceResultOperator)
356333324929289,356333261980435,1,1,19978343,43,19978361,20028577,StreamingPipeline(ExpandAllOperator,FilterOperator,ProjectOperator,ProduceResultOperator)
356333415511424,356333324920357,1,1,20068925,43,20068967,20111942,StreamingPipeline(ExpandAllOperator,FilterOperator,ProjectOperator,ProduceResultOperator)
356333493968910,356333415528392,1,1,20147383,43,20147429,20212228,StreamingPipeline(ExpandAllOperator,FilterOperator,ProjectOperator,ProduceResultOperator)
356333558856945,356333493968910,1,1,20212271,43,20212307,20310336,StreamingPipeline(ExpandAllOperator,FilterOperator,ProjectOperator,ProduceResultOperator)
356333656961924,356333558856945,1,1,20310376,43,20310431,20408970,StreamingPipeline(ExpandAllOperator,FilterOperator,ProjectOperator,ProduceResultOperator)
356333755603693,356333656961924,1,1,20409017,43,20409060,20494258,StreamingPipeline(ExpandAllOperator,FilterOperator,ProjectOperator,ProduceResultOperator)
356333840878992,356333755603693,1,1,20494293,43,20494329,20578023,StreamingPipeline(ExpandAllOperator,FilterOperator,ProjectOperator,ProduceResultOperator)
356333924645639,356333840878992,1,1,20578059,43,20578100,20662786,StreamingPipeline(ExpandAllOperator,FilterOperator,ProjectOperator,ProduceResultOperator)
356334009424948,356333924645639,1,1,20662839,43,20662892,20786781,StreamingPipeline(ExpandAllOperator,FilterOperator,ProjectOperator,ProduceResultOperator)
356334133424307,356334009424948,1,1,20786838,43,20786877,20859476,StreamingPipeline(ExpandAllOperator,FilterOperator,ProjectOperator,ProduceResultOperator)
356334256237265,356334171778623,1,1,20909651,43,20909710,20933281,StreamingPipeline(ExpandAllOperator,FilterOperator,ProjectOperator,ProduceResultOperator)
356334326718810,356334256240597,1,1,20980133,43,20980167,21018654,StreamingPipeline(ExpandAllOperator,FilterOperator,ProjectOperator,ProduceResultOperator)
356334395649576,356334326711294,1,1,21049063,43,21049107,21070701,StreamingPipeline(ExpandAllOperator,FilterOperator,ProjectOperator,ProduceResultOperator)
356334669217528,356334598994793,1,1,21322631,43,21322690,21347685,StreamingPipeline(ExpandAllOperator,FilterOperator,ProjectOperator,ProduceResultOperator)
356334750926419,356334669190519,1,1,21404340,43,21404391,21489695,StreamingPipeline(ExpandAllOperator,FilterOperator,ProjectOperator,ProduceResultOperator)
356334836329078,356334750926419,1,1,21489743,43,21489765,21590777,StreamingPipeline(ExpandAllOperator,FilterOperator,ProjectOperator,ProduceResultOperator)
356334937405532,356334836329078,1,1,21590819,43,21590863,21635933,StreamingPipeline(ExpandAllOperator,FilterOperator,ProjectOperator,ProduceResultOperator)
356334982556764,356334937405532,1,1,21635971,43,21635993,21675094,StreamingPipeline(ExpandAllOperator,FilterOperator,ProjectOperator,ProduceResultOperator)
356335021722845,356334982556764,1,1,21675137,43,21675182,21752878,StreamingPipeline(ExpandAllOperator,FilterOperator,ProjectOperator,ProduceResultOperator)
356335099505107,356335021722845,1,1,21752919,43,21752963,21808163,StreamingPipeline(ExpandAllOperator,FilterOperator,ProjectOperator,ProduceResultOperator)
356335154801758,356335099505107,1,1,21808216,43,21808269,21859650,StreamingPipeline(ExpandAllOperator,FilterOperator,ProjectOperator,ProduceResultOperator)
356335206283177,356335154801758,1,1,21859697,43,21859743,21914427,StreamingPipeline(ExpandAllOperator,FilterOperator,ProjectOperator,ProduceResultOperator)
356335261075710,356335206283177,1,1,21914489,43,21914526,21975647,StreamingPipeline(ExpandAllOperator,FilterOperator,ProjectOperator,ProduceResultOperator)
356335322276469,356335261075710,1,1,21975690,43,21975748,22049911,StreamingPipeline(ExpandAllOperator,FilterOperator,ProjectOperator,ProduceResultOperator)
356335396543466,356335322276469,1,1,22049957,43,22050004,22101228,StreamingPipeline(ExpandAllOperator,FilterOperator,ProjectOperator,ProduceResultOperator)
356335447864079,356335396543466,1,1,22101278,43,22101355,22136558,StreamingPipeline(ExpandAllOperator,FilterOperator,ProjectOperator,ProduceResultOperator)
356335483186500,356335447886341,1,1,22136600,43,22136630,22162059,StreamingPipeline(ExpandAllOperator,FilterOperator,ProjectOperator,ProduceResultOperator)
356335508692019,356335483186500,1,1,22162106,43,22162142,22195886,StreamingPipeline(ExpandAllOperator,FilterOperator,ProjectOperator,ProduceResultOperator)
356335542516043,356335508692019,1,1,22195930,43,22195967,22218427,StreamingPipeline(ExpandAllOperator,FilterOperator,ProjectOperator,ProduceResultOperator)
356335565063282,356335542516043,1,1,22218477,43,22218515,22234452,StreamingPipeline(ExpandAllOperator,FilterOperator,ProjectOperator,ProduceResultOperator)
356335581085673,356335565063282,1,1,22234499,43,22234538,22263142,StreamingPipeline(ExpandAllOperator,FilterOperator,ProjectOperator,ProduceResultOperator)
356335609776069,356335581085673,1,1,22263190,43,22263231,22286241,StreamingPipeline(ExpandAllOperator,FilterOperator,ProjectOperator,ProduceResultOperator)
356335632871949,356335609776069,1,1,22286286,43,22286311,22323353,StreamingPipeline(ExpandAllOperator,FilterOperator,ProjectOperator,ProduceResultOperator)
356317115187940,356313914477761,1,1,3768602,44,3768757,5399862,StreamingPipeline(ExpandAllOperator,FilterOperator,ProjectOperator,ProduceResultOperator)
356318832580435,356317115170446,1,1,5485994,44,5486079,7261805,StreamingPipeline(ExpandAllOperator,FilterOperator,ProjectOperator,ProduceResultOperator)
356320608470961,356318832580435,1,1,7261885,44,7261957,8370752,StreamingPipeline(ExpandAllOperator,FilterOperator,ProjectOperator,ProduceResultOperator)
356321717384174,356320608470961,1,1,8370798,44,8370898,9206878,StreamingPipeline(ExpandAllOperator,FilterOperator,ProjectOperator,ProduceResultOperator)
356322553509559,356321717384174,1,1,9206923,44,9206984,9907166,StreamingPipeline(ExpandAllOperator,FilterOperator,ProjectOperator,ProduceResultOperator)
356323253850880,356322553509559,1,1,9907265,44,9907375,10366700,StreamingPipeline(ExpandAllOperator,FilterOperator,ProjectOperator,ProduceResultOperator)
356323769055998,356323091432776,1,1,10422470,44,10422505,10716814,StreamingPipeline(ExpandAllOperator,FilterOperator,ProjectOperator,ProduceResultOperator)
356324278397607,356323769080500,1,1,10931811,44,10931860,11411060,StreamingPipeline(ExpandAllOperator,FilterOperator,ProjectOperator,ProduceResultOperator)
356324758155694,356324278397607,1,1,11411569,44,11411713,11791785,StreamingPipeline(ExpandAllOperator,FilterOperator,ProjectOperator,ProduceResultOperator)
356325490244077,356325195176782,1,1,12143658,44,12144059,12323477,StreamingPipeline(ExpandAllOperator,FilterOperator,ProjectOperator,ProduceResultOperator)
356325796369993,356325490244077,1,1,12449784,44,12450029,12678538,StreamingPipeline(ExpandAllOperator,FilterOperator,ProjectOperator,ProduceResultOperator)
356326109731401,356325815906738,1,1,12763145,44,12763463,13006723,StreamingPipeline(ExpandAllOperator,FilterOperator,ProjectOperator,ProduceResultOperator)
356327485040558,356327270875060,1,1,14138454,44,14138506,14189418,StreamingPipeline(ExpandAllOperator,FilterOperator,ProjectOperator,ProduceResultOperator)
356327713245825,356327485040558,1,1,14366660,44,14366686,14433172,StreamingPipeline(ExpandAllOperator,FilterOperator,ProjectOperator,ProduceResultOperator)
356327876614283,356327713227198,1,1,14530028,44,14530042,14612916,StreamingPipeline(ExpandAllOperator,FilterOperator,ProjectOperator,ProduceResultOperator)
356328184356069,356327876614283,1,1,14837770,44,14837830,14958904,StreamingPipeline(ExpandAllOperator,FilterOperator,ProjectOperator,ProduceResultOperator)
356328522297935,356328184373174,1,1,15175712,44,15175754,15268949,StreamingPipeline(ExpandAllOperator,FilterOperator,ProjectOperator,ProduceResultOperator)
356328833869817,356328522210064,1,1,15487284,44,15488282,15536796,StreamingPipeline(ExpandAllOperator,FilterOperator,ProjectOperator,ProduceResultOperator)
356329020968562,356328833926343,1,1,15674382,44,15674412,15845009,StreamingPipeline(ExpandAllOperator,FilterOperator,ProjectOperator,ProduceResultOperator)
356329261576186,356329020929890,1,1,15914990,44,15915016,15953778,StreamingPipeline(ExpandAllOperator,FilterOperator,ProjectOperator,ProduceResultOperator)
356329358414244,356329261611397,1,1,16011828,44,16011883,16037639,StreamingPipeline(ExpandAllOperator,FilterOperator,ProjectOperator,ProduceResultOperator)
356329475863262,356329358418680,1,1,16129277,44,16129328,16218766,StreamingPipeline(ExpandAllOperator,FilterOperator,ProjectOperator,ProduceResultOperator)
356329609116192,356329475852457,1,1,16262530,44,16262569,16349133,StreamingPipeline(ExpandAllOperator,FilterOperator,ProjectOperator,ProduceResultOperator)
356329764481198,356329609116192,1,1,16417895,44,16417945,16469944,StreamingPipeline(ExpandAllOperator,FilterOperator,ProjectOperator,ProduceResultOperator)
356329976588305,356329764481198,1,1,16630002,44,16630052,16689112,StreamingPipeline(ExpandAllOperator,FilterOperator,ProjectOperator,ProduceResultOperator)
356330137781299,356329976588305,1,1,16791195,44,16791246,16890249,StreamingPipeline(ExpandAllOperator,FilterOperator,ProjectOperator,ProduceResultOperator)
356330304499684,356330137781299,1,1,16957913,44,16957964,17017353,StreamingPipeline(ExpandAllOperator,FilterOperator,ProjectOperator,ProduceResultOperator)
356330427898030,356330304499684,1,1,17081312,44,17081364,17123328,StreamingPipeline(ExpandAllOperator,FilterOperator,ProjectOperator,ProduceResultOperator)
356330573975821,356330427898030,1,1,17227390,44,17227434,17260531,StreamingPipeline(ExpandAllOperator,FilterOperator,ProjectOperator,ProduceResultOperator)
356330710873936,356330573981105,1,1,17364288,44,17364325,17404635,StreamingPipeline(ExpandAllOperator,FilterOperator,ProjectOperator,ProduceResultOperator)
356330782320550,356330710851964,1,1,17435734,44,17435791,17463934,StreamingPipeline(ExpandAllOperator,FilterOperator,ProjectOperator,ProduceResultOperator)
356330854907552,356330782338247,1,1,17508321,44,17508331,17556769,StreamingPipeline(ExpandAllOperator,FilterOperator,ProjectOperator,ProduceResultOperator)
356330999467371,356330854865855,1,1,17652881,44,17652949,17696890,StreamingPipeline(ExpandAllOperator,FilterOperator,ProjectOperator,ProduceResultOperator)
356331125948478,356330999482982,1,1,17779362,44,17779420,17803156,StreamingPipeline(ExpandAllOperator,FilterOperator,ProjectOperator,ProduceResultOperator)
356331226899462,356331125975426,1,1,17880313,44,17880346,17959299,StreamingPipeline(ExpandAllOperator,FilterOperator,ProjectOperator,ProduceResultOperator)
356331308061020,356331226872918,1,1,17961475,44,17961511,17984891,StreamingPipeline(ExpandAllOperator,FilterOperator,ProjectOperator,ProduceResultOperator)
356331389716587,356331308086436,1,1,18043130,44,18043152,18092507,StreamingPipeline(ExpandAllOperator,FilterOperator,ProjectOperator,ProduceResultOperator)
356331457324439,356331389690634,1,1,18110738,44,18110765,18140802,StreamingPipeline(ExpandAllOperator,FilterOperator,ProjectOperator,ProduceResultOperator)
356331513326940,356331457336416,1,1,18166741,44,18166795,18230944,StreamingPipeline(ExpandAllOperator,FilterOperator,ProjectOperator,ProduceResultOperator)
356331637613396,356331587898571,1,1,18291027,44,18291065,18339809,StreamingPipeline(ExpandAllOperator,FilterOperator,ProjectOperator,ProduceResultOperator)
356313913647489,356313468201753,1,1,567061,45,568082,3306542,StreamingPipeline(ExpandAllOperator,FilterOperator,ProjectOperator,ProduceResultOperator)
356317115170446,356313913647489,1,1,3768584,45,3768721,5435825,StreamingPipeline(ExpandAllOperator,FilterOperator,ProjectOperator,ProduceResultOperator)
356318832563108,356317115151580,1,1,5485977,45,5486029,7019624,StreamingPipeline(ExpandAllOperator,FilterOperator,ProjectOperator,ProduceResultOperator)
356320593845716,356318832563108,1,1,7247259,45,7247324,8174359,StreamingPipeline(ExpandAllOperator,FilterOperator,ProjectOperator,ProduceResultOperator)
356321569776462,356320593809175,1,1,8223190,45,8223249,9107322,StreamingPipeline(ExpandAllOperator,FilterOperator,ProjectOperator,ProduceResultOperator)
356322454010092,356321569790744,1,1,9107424,45,9107486,9812331,StreamingPipeline(ExpandAllOperator,FilterOperator,ProjectOperator,ProduceResultOperator)
356323158962240,356322454010092,1,1,9812376,45,9813269,10347943,StreamingPipeline(ExpandAllOperator,FilterOperator,ProjectOperator,ProduceResultOperator)
356323769080500,356323158962240,1,1,10422494,45,10422561,10892884,StreamingPipeline(ExpandAllOperator,FilterOperator,ProjectOperator,ProduceResultOperator)
356324278378690,356323769055998,1,1,10931792,45,10931846,11398528,StreamingPipeline(ExpandAllOperator,FilterOperator,ProjectOperator,ProduceResultOperator)
356324745312644,356324278378690,1,1,11398726,45,11398844,11831981,StreamingPipeline(ExpandAllOperator,FilterOperator,ProjectOperator,ProduceResultOperator)
356325195135413,356324745312644,1,1,11848549,45,11848965,12118804,StreamingPipeline(ExpandAllOperator,FilterOperator,ProjectOperator,ProduceResultOperator)
356325815906738,356325554462011,1,1,12469321,45,12469396,12754203,StreamingPipeline(ExpandAllOperator,FilterOperator,ProjectOperator,ProduceResultOperator)
356326109483743,356325796311292,1,1,12762898,45,12763066,13027083,StreamingPipeline(ExpandAllOperator,FilterOperator,ProjectOperator,ProduceResultOperator)
356328833956359,356328620893401,1,1,15487370,45,15493596,15590769,StreamingPipeline(ExpandAllOperator,FilterOperator,ProjectOperator,ProduceResultOperator)
356329020865651,356328833798650,1,1,15674279,45,15674392,15914870,StreamingPipeline(ExpandAllOperator,FilterOperator,ProjectOperator,ProduceResultOperator)
356329261539079,356329020865651,1,1,15914953,45,15915016,16011715,StreamingPipeline(ExpandAllOperator,FilterOperator,ProjectOperator,ProduceResultOperator)
356329358362089,356329261539079,1,1,16011776,45,16011851,16129160,StreamingPipeline(ExpandAllOperator,FilterOperator,ProjectOperator,ProduceResultOperator)
356329475806412,356329358362089,1,1,16129220,45,16129296,16262399,StreamingPipeline(ExpandAllOperator,FilterOperator,ProjectOperator,ProduceResultOperator)
356329609054821,356329475806412,1,1,16262469,45,16262545,16417781,StreamingPipeline(ExpandAllOperator,FilterOperator,ProjectOperator,ProduceResultOperator)
356329764433296,356329609054821,1,1,16417847,45,16417925,16629898,StreamingPipeline(ExpandAllOperator,FilterOperator,ProjectOperator,ProduceResultOperator)
356329976543315,356329764433296,1,1,16629957,45,16630033,16791094,StreamingPipeline(ExpandAllOperator,FilterOperator,ProjectOperator,ProduceResultOperator)
356330137736526,356329976543315,1,1,16791150,45,16791220,16957796,StreamingPipeline(ExpandAllOperator,FilterOperator,ProjectOperator,ProduceResultOperator)
356330304438936,356330137736526,1,1,16957853,45,16957927,17081164,StreamingPipeline(ExpandAllOperator,FilterOperator,ProjectOperator,ProduceResultOperator)
356330427815607,356330304438936,1,1,17081229,45,17081268,17227294,StreamingPipeline(ExpandAllOperator,FilterOperator,ProjectOperator,ProduceResultOperator)
356330573934120,356330427815607,1,1,17227348,45,17227416,17364169,StreamingPipeline(ExpandAllOperator,FilterOperator,ProjectOperator,ProduceResultOperator)
356330710821404,356330573934120,1,1,17364235,45,17364274,17435665,StreamingPipeline(ExpandAllOperator,FilterOperator,ProjectOperator,ProduceResultOperator)
356330782286633,356330710821404,1,1,17435700,45,17435789,17508208,StreamingPipeline(ExpandAllOperator,FilterOperator,ProjectOperator,ProduceResultOperator)
356330854831451,356330782286633,1,1,17508245,45,17508313,17652791,StreamingPipeline(ExpandAllOperator,FilterOperator,ProjectOperator,ProduceResultOperator)
356330999427753,356330854831451,1,1,17652842,45,17652879,17779271,StreamingPipeline(ExpandAllOperator,FilterOperator,ProjectOperator,ProduceResultOperator)
356331125908330,356330999427753,1,1,17779322,45,17779394,17880175,StreamingPipeline(ExpandAllOperator,FilterOperator,ProjectOperator,ProduceResultOperator)
356331226825118,356331125908330,1,1,17880239,45,17880323,17961387,StreamingPipeline(ExpandAllOperator,FilterOperator,ProjectOperator,ProduceResultOperator)
356331308023974,356331226825118,1,1,17961438,45,17961492,18043027,StreamingPipeline(ExpandAllOperator,FilterOperator,ProjectOperator,ProduceResultOperator)
356331389656941,356331308023974,1,1,18043071,45,18043124,18110672,StreamingPipeline(ExpandAllOperator,FilterOperator,ProjectOperator,ProduceResultOperator)
356331457291722,356331389656941,1,1,18110705,45,18110734,18166438,StreamingPipeline(ExpandAllOperator,FilterOperator,ProjectOperator,ProduceResultOperator)
356331513063871,356331457291722,1,1,18166478,45,18166631,18290884,StreamingPipeline(ExpandAllOperator,FilterOperator,ProjectOperator,ProduceResultOperator)
356331637520845,356331513063871,1,1,18290935,45,18290969,18396467,StreamingPipeline(ExpandAllOperator,FilterOperator,ProjectOperator,ProduceResultOperator)
356331743102041,356331637520845,1,1,18396516,45,18396588,18453439,StreamingPipeline(ExpandAllOperator,FilterOperator,ProjectOperator,ProduceResultOperator)
356331800088679,356331743102041,1,1,18453502,45,18453585,18529183,StreamingPipeline(ExpandAllOperator,FilterOperator,ProjectOperator,ProduceResultOperator)
356331875805978,356331800088679,1,1,18529220,45,18529294,18609802,StreamingPipeline(ExpandAllOperator,FilterOperator,ProjectOperator,ProduceResultOperator)
356331975253154,356331875805978,1,1,18628667,45,18628716,18683778,StreamingPipeline(ExpandAllOperator,FilterOperator,ProjectOperator,ProduceResultOperator)
356332098649610,356331975268462,1,1,18752063,45,18752106,18792079,StreamingPipeline(ExpandAllOperator,FilterOperator,ProjectOperator,ProduceResultOperator)
356332194801591,356332098659215,1,1,18848215,45,18848225,18882475,StreamingPipeline(ExpandAllOperator,FilterOperator,ProjectOperator,ProduceResultOperator)
356332285194627,356332194819296,1,1,18938608,45,18938686,18962120,StreamingPipeline(ExpandAllOperator,FilterOperator,ProjectOperator,ProduceResultOperator)
356332357189212,356332285194627,1,1,19010603,45,19010653,19135927,StreamingPipeline(ExpandAllOperator,FilterOperator,ProjectOperator,ProduceResultOperator)
356332524659028,356332357087419,1,1,19178073,45,19178113,19228635,StreamingPipeline(ExpandAllOperator,FilterOperator,ProjectOperator,ProduceResultOperator)
356332648002369,356332524674767,1,1,19301416,45,19301457,19336552,StreamingPipeline(ExpandAllOperator,FilterOperator,ProjectOperator,ProduceResultOperator)
356332709218987,356332647999004,1,1,19362633,45,19362697,19397617,StreamingPipeline(ExpandAllOperator,FilterOperator,ProjectOperator,ProduceResultOperator)
356332840636791,356332751564166,1,1,19494051,45,19494088,19682373,StreamingPipeline(ExpandAllOperator,FilterOperator,ProjectOperator,ProduceResultOperator)
356333029025863,356332840636791,1,1,19682440,45,19682469,19741435,StreamingPipeline(ExpandAllOperator,FilterOperator,ProjectOperator,ProduceResultOperator)
356333088065940,356333029025863,1,1,19741480,45,19741513,19787711,StreamingPipeline(ExpandAllOperator,FilterOperator,ProjectOperator,ProduceResultOperator)
356333172797673,356333058586709,1,1,19826211,45,19826287,19861670,StreamingPipeline(ExpandAllOperator,FilterOperator,ProjectOperator,ProduceResultOperator)
356333261978256,356333172866170,1,1,19915392,45,19915436,19958281,StreamingPipeline(ExpandAllOperator,FilterOperator,ProjectOperator,ProduceResultOperator)
356333324920357,356333261978256,1,1,19978334,45,19978361,20012976,StreamingPipeline(ExpandAllOperator,FilterOperator,ProjectOperator,ProduceResultOperator)
356333415479858,356333324911194,1,1,20068894,45,20068921,20103342,StreamingPipeline(ExpandAllOperator,FilterOperator,ProjectOperator,ProduceResultOperator)
356333493960873,356333415511424,1,1,20147375,45,20147422,20180627,StreamingPipeline(ExpandAllOperator,FilterOperator,ProjectOperator,ProduceResultOperator)
356333549042799,356333493953170,1,1,20202457,45,20202489,20224246,StreamingPipeline(ExpandAllOperator,FilterOperator,ProjectOperator,ProduceResultOperator)
356333593373888,356333549042799,1,1,20246788,45,20246808,20279289,StreamingPipeline(ExpandAllOperator,FilterOperator,ProjectOperator,ProduceResultOperator)
356333656993659,356333593373888,1,1,20310407,45,20310526,20356953,StreamingPipeline(ExpandAllOperator,FilterOperator,ProjectOperator,ProduceResultOperator)
356333758791656,356333656996014,1,1,20412205,45,20412241,20454584,StreamingPipeline(ExpandAllOperator,FilterOperator,ProjectOperator,ProduceResultOperator)
356333261980435,356333172879021,1,1,19915394,47,19915443,19970219,StreamingPipeline(ExpandAllOperator,FilterOperator,ProjectOperator,ProduceResultOperator)
356333324911194,356333261975127,1,1,19978325,47,19978346,20010399,StreamingPipeline(ExpandAllOperator,FilterOperator,ProjectOperator,ProduceResultOperator)
356333415528392,356333324929289,1,1,20068942,47,20068963,20141889,StreamingPipeline(ExpandAllOperator,FilterOperator,ProjectOperator,ProduceResultOperator)
356333493953170,356333415479858,1,1,20147367,47,20147446,20170083,StreamingPipeline(ExpandAllOperator,FilterOperator,ProjectOperator,ProduceResultOperator)