"id","upstreamId","queryId","schedulingThreadId","schedulingTime(us)","executionThreadId","startTime(us)","stopTime(us)","pipeline"
20622512007,-1,1,1,0,33,7033,42318,"StreamingPipeline(NodeIndexSeekOperator)"
315620666294390,315620622512007,1,1,43782,33,43888,88677,"StreamingPipeline(ExpandAllOperator,FilterOperator)"
315620711227835,315620666294390,1,1,88715,33,88752,516355,"StreamingPipeline(ExpandAllOperator,FilterOperator)"
315621138955196,315620711227835,1,1,516443,33,517998,2184688,"StreamingPipeline(ExpandAllOperator,FilterOperator,ProjectOperator,ProduceResultOperator)"
315622807285178,315621138955196,1,1,2184773,33,2184876,2872382,"StreamingPipeline(ExpandAllOperator,FilterOperator,ProjectOperator,ProduceResultOperator)"
315623494931211,315622807285178,1,1,2872419,33,2872451,4112719,"StreamingPipeline(ExpandAllOperator,FilterOperator,ProjectOperator,ProduceResultOperator)"
315624735271982,315623494931211,1,1,4112759,33,4112812,4849978,"StreamingPipeline(ExpandAllOperator,FilterOperator,ProjectOperator,ProduceResultOperator)"
315625472622197,315624735271982,1,1,4850110,33,4850230,5661240,"StreamingPipeline(ExpandAllOperator,FilterOperator,ProjectOperator,ProduceResultOperator)"
315626283807178,315625472622197,1,1,5661295,33,5661334,6172872,"StreamingPipeline(ExpandAllOperator,FilterOperator,ProjectOperator,ProduceResultOperator)"
315626795424933,315626283807178,1,1,6172912,33,6172955,6765376,"StreamingPipeline(ExpandAllOperator,FilterOperator,ProjectOperator,ProduceResultOperator)"
315627387959077,315626795424933,1,1,6765447,33,6765480,7166518,"StreamingPipeline(ExpandAllOperator,FilterOperator,ProjectOperator,ProduceResultOperator)"
315627789071427,315627387959077,1,1,7166559,33,7166594,7461704,"StreamingPipeline(ExpandAllOperator,FilterOperator,ProjectOperator,ProduceResultOperator)"
315628084307150,315627789071427,1,1,7461795,33,7461865,7844619,"StreamingPipeline(ExpandAllOperator,FilterOperator,ProjectOperator,ProduceResultOperator)"
315628467179082,315628084307150,1,1,7844667,33,7844710,8004238,"StreamingPipeline(ExpandAllOperator,FilterOperator,ProjectOperator,ProduceResultOperator)"
315628626786289,315628467179082,1,1,8004274,33,8004321,8229901,"StreamingPipeline(ExpandAllOperator,FilterOperator,ProjectOperator,ProduceResultOperator)"
315628852457003,315628626786289,1,1,8229944,33,8229978,8475082,"StreamingPipeline(ExpandAllOperator,FilterOperator,ProjectOperator,ProduceResultOperator)"
315629097668584,315628852457003,1,1,8475156,33,8475294,8604129,"StreamingPipeline(ExpandAllOperator,FilterOperator,ProjectOperator,ProduceResultOperator)"
315629226736119,315629097668584,1,1,8604224,33,8604308,8710781,"StreamingPipeline(ExpandAllOperator,FilterOperator,ProjectOperator,ProduceResultOperator)"
315629452728160,315629226736119,1,1,8830216,33,8830288,8899334,"StreamingPipeline(ExpandAllOperator,FilterOperator,ProjectOperator,ProduceResultOperator)"
315629657754290,315629452728160,1,1,9035242,33,9035290,9098384,"StreamingPipeline(ExpandAllOperator,FilterOperator,ProjectOperator,ProduceResultOperator)"
315629871777131,315629657754290,1,1,9249265,33,9249304,9303928,"StreamingPipeline(ExpandAllOperator,FilterOperator,ProjectOperator,ProduceResultOperator)"
315630094312165,315629871777131,1,1,9471800,33,9471840,9517033,"StreamingPipeline(ExpandAllOperator,FilterOperator,ProjectOperator,ProduceResultOperator)"
315630297534469,315630094312165,1,1,9675022,33,9675066,9725833,"StreamingPipeline(ExpandAllOperator,FilterOperator,ProjectOperator,ProduceResultOperator)"
315630556554103,315630297534469,1,1,9934042,33,9934118,9984486,"StreamingPipeline(ExpandAllOperator,FilterOperator,ProjectOperator,ProduceResultOperator)"
315630740791793,315630556554103,1,1,10118279,33,10118317,10178701,"StreamingPipeline(ExpandAllOperator,FilterOperator,ProjectOperator,ProduceResultOperator)"
315630967393476,315630740791793,1,1,10344881,33,10344909,10400914,"StreamingPipeline(ExpandAllOperator,FilterOperator,ProjectOperator,ProduceResultOperator)"
315631176692923,315630967393476,1,1,10554180,33,10554218,10597064,"StreamingPipeline(ExpandAllOperator,FilterOperator,ProjectOperator,ProduceResultOperator)"
315631380163450,315631176692923,1,1,10757651,33,10757683,10790734,"StreamingPipeline(ExpandAllOperator,FilterOperator,ProjectOperator,ProduceResultOperator)"
315631587991934,315631380163450,1,1,10965479,33,10965524,11014160,"StreamingPipeline(ExpandAllOperator,FilterOperator,ProjectOperator,ProduceResultOperator)"
315631746327664,315631587991934,1,1,11123815,33,11123856,11175017,"StreamingPipeline(ExpandAllOperator,FilterOperator,ProjectOperator,ProduceResultOperator)"
315631874498211,315631746287674,1,1,11251986,33,11252053,11411933,"StreamingPipeline(ExpandAllOperator,FilterOperator,ProjectOperator,ProduceResultOperator)"
315632034502009,315631874498211,1,1,11411990,33,11412060,11571872,"StreamingPipeline(ExpandAllOperator,FilterOperator,ProjectOperator,ProduceResultOperator)"
315632194431230,315632034502009,1,1,11571919,33,11571982,11699011,"StreamingPipeline(ExpandAllOperator,FilterOperator,ProjectOperator,ProduceResultOperator)"
315632321573173,315632194431230,1,1,11699061,33,11699133,11877338,"StreamingPipeline(ExpandAllOperator,FilterOperator,ProjectOperator,ProduceResultOperator)"
315632499917004,315632321573173,1,1,11877404,33,11877444,12067566,"StreamingPipeline(ExpandAllOperator,FilterOperator,ProjectOperator,ProduceResultOperator)"
315632690128688,315632499917004,1,1,12067616,33,12067695,12328550,"StreamingPipeline(ExpandAllOperator,FilterOperator,ProjectOperator,ProduceResultOperator)"
315632951196793,315632690169138,1,1,12328684,33,12328716,12359940,"StreamingPipeline(ExpandAllOperator,FilterOperator,ProjectOperator,ProduceResultOperator)"
315633091280915,315632951196793,1,1,12468768,33,12468805,12499520,"StreamingPipeline(ExpandAllOperator,FilterOperator,ProjectOperator,ProduceResultOperator)"
315633260771993,315633091280915,1,1,12638259,33,12638293,12663620,"StreamingPipeline(ExpandAllOperator,FilterOperator,ProjectOperator,ProduceResultOperator)"
315633488213579,315633260771993,1,1,12865701,33,12865734,12903793,"StreamingPipeline(ExpandAllOperator,FilterOperator,ProjectOperator,ProduceResultOperator)"
315633637245796,315633488213579,1,1,13014733,33,13014763,13046639,"StreamingPipeline(ExpandAllOperator,FilterOperator,ProjectOperator,ProduceResultOperator)"
315633731909993,315633637245796,1,1,13109397,33,13109460,13148749,"StreamingPipeline(ExpandAllOperator,FilterOperator,ProjectOperator,ProduceResultOperator)"
315633888470902,315633731909993,1,1,13265958,33,13265987,13302569,"StreamingPipeline(ExpandAllOperator,FilterOperator,ProjectOperator,ProduceResultOperator)"
315634096037073,315633888470902,1,1,13473525,33,13473549,13506623,"StreamingPipeline(ExpandAllOperator,FilterOperator,ProjectOperator,ProduceResultOperator)"
315634218831340,315634096037073,1,1,13596319,33,13596368,13636609,"StreamingPipeline(ExpandAllOperator,FilterOperator,ProjectOperator,ProduceResultOperator)"
315634350637081,315634218831340,1,1,13728125,33,13728163,13756524,"StreamingPipeline(ExpandAllOperator,FilterOperator,ProjectOperator,ProduceResultOperator)"
315634487598479,315634350637081,1,1,13865086,33,13865139,13911360,"StreamingPipeline(ExpandAllOperator,FilterOperator,ProjectOperator,ProduceResultOperator)"
315634618358211,315634487598479,1,1,13995846,33,13995882,14028706,"StreamingPipeline(ExpandAllOperator,FilterOperator,ProjectOperator,ProduceResultOperator)"
315634707093126,315634618358211,1,1,14084581,33,14084615,14119609,"StreamingPipeline(ExpandAllOperator,FilterOperator,ProjectOperator,ProduceResultOperator)"
315634825494768,315634707093126,1,1,14202982,33,14203020,14226728,"StreamingPipeline(ExpandAllOperator,FilterOperator,ProjectOperator,ProduceResultOperator)"
315634950384402,315634825494768,1,1,14327872,33,14327915,14361018,"StreamingPipeline(ExpandAllOperator,FilterOperator,ProjectOperator,ProduceResultOperator)"
315635032305787,315634950384402,1,1,14409793,33,14409854,14443242,"StreamingPipeline(ExpandAllOperator,FilterOperator,ProjectOperator,ProduceResultOperator)"
315635143529175,315635032305787,1,1,14521017,33,14521135,14553334,"StreamingPipeline(ExpandAllOperator,FilterOperator,ProjectOperator,ProduceResultOperator)"
315635228143120,315635143529175,1,1,14605631,33,14605669,14648281,"StreamingPipeline(ExpandAllOperator,FilterOperator,ProjectOperator,ProduceResultOperator)"
315635305637296,315635228143120,1,1,14683125,33,14683151,14726835,"StreamingPipeline(ExpandAllOperator,FilterOperator,ProjectOperator,ProduceResultOperator)"
315635375169997,315635305637296,1,1,14752657,33,14752694,14782010,"StreamingPipeline(ExpandAllOperator,FilterOperator,ProjectOperator,ProduceResultOperator)"
315635414222318,315635375140345,1,1,14791710,33,14791778,14879337,"StreamingPipeline(ExpandAllOperator,FilterOperator,ProjectOperator,ProduceResultOperator)"
315635501959527,315635414222318,1,1,14879447,33,14879555,14922512,"StreamingPipeline(ExpandAllOperator,FilterOperator,ProjectOperator,ProduceResultOperator)"
315635545101491,315635502026226,1,1,14922589,33,14922621,14954245,"StreamingPipeline(ExpandAllOperator,FilterOperator,ProjectOperator,ProduceResultOperator)"
315635605899445,315635545101491,1,1,14983387,33,14983411,15016576,"StreamingPipeline(ExpandAllOperator,FilterOperator,ProjectOperator,ProduceResultOperator)"
315635666692382,315635605899445,1,1,15044180,33,15044208,15065107,"StreamingPipeline(ExpandAllOperator,FilterOperator,ProjectOperator,ProduceResultOperator)"
315635775547425,315635666692382,1,1,15153035,33,15153072,15184028,"StreamingPipeline(ExpandAllOperator,FilterOperator,ProjectOperator,ProduceResultOperator)"
315635854064265,315635775547425,1,1,15231552,33,15231592,15272396,"StreamingPipeline(ExpandAllOperator,FilterOperator,ProjectOperator,ProduceResultOperator)"
315635901722091,315635854007502,1,1,15279210,33,15279347,15351031,"StreamingPipeline(ExpandAllOperator,FilterOperator,ProjectOperator,ProduceResultOperator)"
315635973598785,315635901722091,1,1,15351086,33,15351150,15400343,"StreamingPipeline(ExpandAllOperator,FilterOperator,ProjectOperator,ProduceResultOperator)"
315636022939281,315635973598785,1,1,15400427,33,15400477,15487449,"StreamingPipeline(ExpandAllOperator,FilterOperator,ProjectOperator,ProduceResultOperator)"
315636110013927,315636022939281,1,1,15487501,33,15487546,15594615,"StreamingPipeline(ExpandAllOperator,FilterOperator,ProjectOperator,ProduceResultOperator)"
315636217180243,315636110013927,1,1,15594668,33,15594826,15705331,"StreamingPipeline(ExpandAllOperator,FilterOperator,ProjectOperator,ProduceResultOperator)"
315636327903951,315636217180243,1,1,15705391,33,15705452,15786421,"StreamingPipeline(ExpandAllOperator,FilterOperator,ProjectOperator,ProduceResultOperator)"
315636408982241,315636327903951,1,1,15786470,33,15786562,15888436,"StreamingPipeline(ExpandAllOperator,FilterOperator,ProjectOperator,ProduceResultOperator)"
315636511002929,315636408982241,1,1,15888490,33,15888551,15916739,"StreamingPipeline(ExpandAllOperator,FilterOperator,ProjectOperator,ProduceResultOperator)"
315636539307710,315636511002929,1,1,15916795,33,15916855,15984390,"StreamingPipeline(ExpandAllOperator,FilterOperator,ProjectOperator,ProduceResultOperator)"
315636606952652,315636539307710,1,1,15984440,33,15984509,16006191,"StreamingPipeline(ExpandAllOperator,FilterOperator,ProjectOperator,ProduceResultOperator)"
315636628742292,315636606952652,1,1,16006230,33,16006286,16045613,"StreamingPipeline(ExpandAllOperator,FilterOperator,ProjectOperator,ProduceResultOperator)"
315636668162465,315636628742292,1,1,16045650,33,16045722,16095328,"StreamingPipeline(ExpandAllOperator,FilterOperator,ProjectOperator,ProduceResultOperator)"
315636717896571,315636668162465,1,1,16095384,33,16095446,16128784,"StreamingPipeline(ExpandAllOperator,FilterOperator,ProjectOperator,ProduceResultOperator)"
315636751393400,315636717926696,1,1,16128881,33,16128913,16147685,"StreamingPipeline(ExpandAllOperator,FilterOperator,ProjectOperator,ProduceResultOperator)"
315636770238257,315636751393400,1,1,16147726,33,16147769,16164774,"StreamingPipeline(ExpandAllOperator,FilterOperator,ProjectOperator,ProduceResultOperator)"
315636787334421,315636770238257,1,1,16164822,33,16164851,16197507,"StreamingPipeline(ExpandAllOperator,FilterOperator,ProjectOperator,ProduceResultOperator)"
315636820065336,315636787334421,1,1,16197553,33,16197606,16216196,"StreamingPipeline(ExpandAllOperator,FilterOperator,ProjectOperator,ProduceResultOperator)"
315636838775637,315636820065336,1,1,16216263,33,16216315,16231971,"StreamingPipeline(ExpandAllOperator,FilterOperator,ProjectOperator,ProduceResultOperator)"
315636854547740,315636838775637,1,1,16232035,33,16232092,16253001,"StreamingPipeline(ExpandAllOperator,FilterOperator,ProjectOperator,ProduceResultOperator)"
315636875574885,315636854547740,1,1,16253062,33,16253097,16279535,"StreamingPipeline(ExpandAllOperator,FilterOperator,ProjectOperator,ProduceResultOperator)"
315636902094510,315636875574885,1,1,16279582,33,16279619,16308643,"StreamingPipeline(ExpandAllOperator,FilterOperator,ProjectOperator,ProduceResultOperator)"
315636931312887,315636902094510,1,1,16308800,33,16308910,16332373,"StreamingPipeline(ExpandAllOperator,FilterOperator,ProjectOperator,ProduceResultOperator)"
315636954942180,315636931312887,1,1,16332430,33,16332466,16350660,"StreamingPipeline(ExpandAllOperator,FilterOperator,ProjectOperator,ProduceResultOperator)"
315636973242400,315636954942180,1,1,16350730,33,16350785,16370340,"StreamingPipeline(ExpandAllOperator,FilterOperator,ProjectOperator,ProduceResultOperator)"
315636992919536,315636973242400,1,1,16370407,33,16370478,16387905,"StreamingPipeline(ExpandAllOperator,FilterOperator,ProjectOperator,ProduceResultOperator)"
315637010468751,315636992919536,1,1,16387956,33,16387998,16408404,"StreamingPipeline(ExpandAllOperator,FilterOperator,ProjectOperator,ProduceResultOperator)"
315637030968740,315637010468751,1,1,16408456,33,16408502,16431821,"StreamingPipeline(ExpandAllOperator,FilterOperator,ProjectOperator,ProduceResultOperator)"
315637054375525,315637030968740,1,1,16431863,33,16431908,16453702,"StreamingPipeline(ExpandAllOperator,FilterOperator,ProjectOperator,ProduceResultOperator)"
315637076281943,315637054375525,1,1,16453769,33,16453820,16474709,"StreamingPipeline(ExpandAllOperator,FilterOperator,ProjectOperator,ProduceResultOperator)"
315637097286322,315637076281943,1,1,16474774,33,16474826,16495784,"StreamingPipeline(ExpandAllOperator,FilterOperator,ProjectOperator,ProduceResultOperator)"
315637118359909,315637097286322,1,1,16495847,33,16495908,16513526,"StreamingPipeline(ExpandAllOperator,FilterOperator,ProjectOperator,ProduceResultOperator)"
315637136107223,315637118359909,1,1,16513595,33,16513658,16536064,"StreamingPipeline(ExpandAllOperator,FilterOperator,ProjectOperator,ProduceResultOperator)"
315637158638625,315637136107223,1,1,16536126,33,16536178,16560608,"StreamingPipeline(ExpandAllOperator,FilterOperator,ProjectOperator,ProduceResultOperator)"
315637183181082,315637158638625,1,1,16560669,33,16560724,16595867,"StreamingPipeline(ExpandAllOperator,FilterOperator,ProjectOperator,ProduceResultOperator)"
315637218452726,315637183181082,1,1,16595940,33,16596006,16631396,"StreamingPipeline(ExpandAllOperator,FilterOperator,ProjectOperator,ProduceResultOperator)"
315637253967572,315637218452726,1,1,16631455,33,16631511,16662169,"StreamingPipeline(ExpandAllOperator,FilterOperator,ProjectOperator,ProduceResultOperator)"
315637284791108,315637253967572,1,1,16662279,33,16662351,16683923,"StreamingPipeline(ExpandAllOperator,FilterOperator,ProjectOperator,ProduceResultOperator)"
315637306479926,315637284791108,1,1,16683967,33,16684024,16708175,"StreamingPipeline(ExpandAllOperator,FilterOperator,ProjectOperator,ProduceResultOperator)"
315637330754619,315637306479926,1,1,16708242,33,16708283,16733183,"StreamingPipeline(ExpandAllOperator,FilterOperator,ProjectOperator,ProduceResultOperator)"
315637355746070,315637330754619,1,1,16733234,33,16733302,16749271,"StreamingPipeline(ExpandAllOperator,FilterOperator,ProjectOperator,ProduceResultOperator)"
315637371838257,315637355746070,1,1,16749326,33,16749372,16773005,"StreamingPipeline(ExpandAllOperator,FilterOperator,ProjectOperator,ProduceResultOperator)"
315637395569433,315637371838257,1,1,16773057,33,16773106,16795721,"StreamingPipeline(ExpandAllOperator,FilterOperator,ProjectOperator,ProduceResultOperator)"
315637418280384,315637395569433,1,1,16795768,33,16795820,16827259,"StreamingPipeline(ExpandAllOperator,FilterOperator,ProjectOperator,ProduceResultOperator)"
315637449834313,315637418280384,1,1,16827322,33,16827372,16845859,"StreamingPipeline(ExpandAllOperator,FilterOperator,ProjectOperator,ProduceResultOperator)"
315637468431527,315637449834313,1,1,16845919,33,16845966,16868763,"StreamingPipeline(ExpandAllOperator,FilterOperator,ProjectOperator,ProduceResultOperator)"
315637491343212,315637468431527,1,1,16868831,33,16868878,16887080,"StreamingPipeline(ExpandAllOperator,FilterOperator,ProjectOperator,ProduceResultOperator)"
315637509699220,315637491343212,1,1,16887187,33,16887279,16908052,"StreamingPipeline(ExpandAllOperator,FilterOperator,ProjectOperator,ProduceResultOperator)"
315637530638379,315637509699220,1,1,16908126,33,16908171,16927411,"StreamingPipeline(ExpandAllOperator,FilterOperator,ProjectOperator,ProduceResultOperator)"
315637550016363,315637530638379,1,1,16927504,33,16927538,16940659,"StreamingPipeline(ExpandAllOperator,FilterOperator,ProjectOperator,ProduceResultOperator)"
315637563236800,315637550016363,1,1,16940724,33,16940785,16989531,"StreamingPipeline(ExpandAllOperator,FilterOperator,ProjectOperator,ProduceResultOperator)"
315637612110239,315637563236800,1,1,16989598,33,16989651,17029736,"StreamingPipeline(ExpandAllOperator,FilterOperator,ProjectOperator,ProduceResultOperator)"
315637652317194,315637612110239,1,1,17029805,33,17029878,17066248,"StreamingPipeline(ExpandAllOperator,FilterOperator,ProjectOperator,ProduceResultOperator)"
315637688818654,315637652317194,1,1,17066306,33,17066357,17094032,"StreamingPipeline(ExpandAllOperator,FilterOperator,ProjectOperator,ProduceResultOperator)"
315637716619822,315637688818654,1,1,17094107,33,17094191,17131425,"StreamingPipeline(ExpandAllOperator,FilterOperator,ProjectOperator,ProduceResultOperator)"
315637753995244,315637716619822,1,1,17131483,33,17131553,17163738,"StreamingPipeline(ExpandAllOperator,FilterOperator,ProjectOperator,ProduceResultOperator)"
315637786316376,315637753995244,1,1,17163804,33,17163885,17196692,"StreamingPipeline(ExpandAllOperator,FilterOperator,ProjectOperator,ProduceResultOperator)"
315637819251818,315637786316376,1,1,17196739,33,17196805,17226878,"StreamingPipeline(ExpandAllOperator,FilterOperator,ProjectOperator,ProduceResultOperator)"
315637849440824,315637819251818,1,1,17226928,33,17226989,17245286,"StreamingPipeline(ExpandAllOperator,FilterOperator,ProjectOperator,ProduceResultOperator)"
315637867855812,315637849440824,1,1,17245343,33,17245390,17270551,"StreamingPipeline(ExpandAllOperator,FilterOperator,ProjectOperator,ProduceResultOperator)"
315637893116931,315637867855812,1,1,17270604,33,17270651,17292974,"StreamingPipeline(ExpandAllOperator,FilterOperator,ProjectOperator,ProduceResultOperator)"
315637915538894,315637893116931,1,1,17293026,33,17293073,17318363,"StreamingPipeline(ExpandAllOperator,FilterOperator,ProjectOperator,ProduceResultOperator)"
315637940972905,315637915538894,1,1,17318460,33,17318550,17338039,"StreamingPipeline(ExpandAllOperator,FilterOperator,ProjectOperator,ProduceResultOperator)"
315637960608703,315637940972905,1,1,17338096,33,17338146,17356923,"StreamingPipeline(ExpandAllOperator,FilterOperator,ProjectOperator,ProduceResultOperator)"
315637979484718,315637960608703,1,1,17356972,33,17357009,17378933,"StreamingPipeline(ExpandAllOperator,FilterOperator,ProjectOperator,ProduceResultOperator)"
315638001507357,315637979484718,1,1,17378995,33,17379051,17403849,"StreamingPipeline(ExpandAllOperator,FilterOperator,ProjectOperator,ProduceResultOperator)"
315638026417195,315638001507357,1,1,17403905,33,17403958,17424505,"StreamingPipeline(ExpandAllOperator,FilterOperator,ProjectOperator,ProduceResultOperator)"
315638047066475,315638026417195,1,1,17424554,33,17424597,17450826,"StreamingPipeline(ExpandAllOperator,FilterOperator,ProjectOperator,ProduceResultOperator)"
315638073394792,315638047066475,1,1,17450882,33,17450929,17479750,"StreamingPipeline(ExpandAllOperator,FilterOperator,ProjectOperator,ProduceResultOperator)"
315638102320850,315638073394792,1,1,17479808,33,17479863,17513851,"StreamingPipeline(ExpandAllOperator,FilterOperator,ProjectOperator,ProduceResultOperator)"
315638136439200,315638102320850,1,1,17513927,33,17513980,17545933,"StreamingPipeline(ExpandAllOperator,FilterOperator,ProjectOperator,ProduceResultOperator)"
315638168511884,315638136439200,1,1,17545999,33,17546039,17575349,"StreamingPipeline(ExpandAllOperator,FilterOperator,ProjectOperator,ProduceResultOperator)"
315638197922554,315638168511884,1,1,17575410,33,17575474,17601885,"StreamingPipeline(ExpandAllOperator,FilterOperator,ProjectOperator,ProduceResultOperator)"
315638224449940,315638197922554,1,1,17601937,33,17602022,17627329,"StreamingPipeline(ExpandAllOperator,FilterOperator,ProjectOperator,ProduceResultOperator)"
315638249909477,315638224449940,1,1,17627397,33,17627432,17649926,"StreamingPipeline(ExpandAllOperator,FilterOperator,ProjectOperator,ProduceResultOperator)"
315638272513661,315638249909477,1,1,17650001,33,17650054,17679098,"StreamingPipeline(ExpandAllOperator,FilterOperator,ProjectOperator,ProduceResultOperator)"
315638301665317,315638272513661,1,1,17679153,33,17679200,17704426,"StreamingPipeline(ExpandAllOperator,FilterOperator,ProjectOperator,ProduceResultOperator)"
315638326997719,315638301665317,1,1,17704485,33,17704533,17730667,"StreamingPipeline(ExpandAllOperator,FilterOperator,ProjectOperator,ProduceResultOperator)"
315638353249454,315638326997719,1,1,17730737,33,17730795,17758076,"StreamingPipeline(ExpandAllOperator,FilterOperator,ProjectOperator,ProduceResultOperator)"
315638380645940,315638353249454,1,1,17758133,33,17758178,17784614,"StreamingPipeline(ExpandAllOperator,FilterOperator,ProjectOperator,ProduceResultOperator)"
315638407201106,315638380645940,1,1,17784689,33,17784747,17812800,"StreamingPipeline(ExpandAllOperator,FilterOperator,ProjectOperator,ProduceResultOperator)"
315638435369350,315638407201106,1,1,17812857,33,17812919,17836558,"StreamingPipeline(ExpandAllOperator,FilterOperator,ProjectOperator,ProduceResultOperator)"
315638459114882,315638435369350,1,1,17836602,33,17836654,17858690,"StreamingPipeline(ExpandAllOperator,FilterOperator,ProjectOperator,ProduceResultOperator)"
315638481258729,315638459114882,1,1,17858746,33,17858799,17878412,"StreamingPipeline(ExpandAllOperator,FilterOperator,ProjectOperator,ProduceResultOperator)"
315638501092118,315638481258729,1,1,17878580,33,17878652,17906748,"StreamingPipeline(ExpandAllOperator,FilterOperator,ProjectOperator,ProduceResultOperator)"
315638529332230,315638501092118,1,1,17906820,33,17906877,17939748,"StreamingPipeline(ExpandAllOperator,FilterOperator,ProjectOperator,ProduceResultOperator)"
315638562314020,315638529332230,1,1,17939802,33,17939846,17975562,"StreamingPipeline(ExpandAllOperator,FilterOperator,ProjectOperator,ProduceResultOperator)"
315638598164474,315638562314020,1,1,17975652,33,17975758,18007558,"StreamingPipeline(ExpandAllOperator,FilterOperator,ProjectOperator,ProduceResultOperator)"
315638630125303,315638598164474,1,1,18007613,33,18007659,18031464,"StreamingPipeline(ExpandAllOperator,FilterOperator,ProjectOperator,ProduceResultOperator)"
315638654031337,315638630125303,1,1,18031519,33,18031562,18048890,"StreamingPipeline(ExpandAllOperator,FilterOperator,ProjectOperator,ProduceResultOperator)"
315638671457408,315638654031337,1,1,18048945,33,18048990,18072629,"StreamingPipeline(ExpandAllOperator,FilterOperator,ProjectOperator,ProduceResultOperator)"
315638695200246,315638671457408,1,1,18072688,33,18072723,18093093,"StreamingPipeline(ExpandAllOperator,FilterOperator,ProjectOperator,ProduceResultOperator)"
315638715650982,315638695200246,1,1,18093138,33,18093175,18110721,"StreamingPipeline(ExpandAllOperator,FilterOperator,ProjectOperator,ProduceResultOperator)"
315638733287507,315638715650982,1,1,18110775,33,18110819,18132485,"StreamingPipeline(ExpandAllOperator,FilterOperator,ProjectOperator,ProduceResultOperator)"
315638755047109,315638733287507,1,1,18132535,33,18132581,18157441,"StreamingPipeline(ExpandAllOperator,FilterOperator,ProjectOperator,ProduceResultOperator)"
315638780007316,315638755047109,1,1,18157495,33,18157538,18181710,"StreamingPipeline(ExpandAllOperator,FilterOperator,ProjectOperator,ProduceResultOperator)"
315638804273305,315638780007316,1,1,18181761,33,18181805,18204470,"StreamingPipeline(ExpandAllOperator,FilterOperator,ProjectOperator,ProduceResultOperator)"
315638827033489,315638804273305,1,1,18204521,33,18204564,18230543,"StreamingPipeline(ExpandAllOperator,FilterOperator,ProjectOperator,ProduceResultOperator)"
315638853104238,315638827033489,1,1,18230592,33,18230634,18255526,"StreamingPipeline(ExpandAllOperator,FilterOperator,ProjectOperator,ProduceResultOperator)"
315638878088456,315638853104238,1,1,18255576,33,18255620,18283932,"StreamingPipeline(ExpandAllOperator,FilterOperator,ProjectOperator,ProduceResultOperator)"
315638906492844,315638878088456,1,1,18283980,33,18284021,18306777,"StreamingPipeline(ExpandAllOperator,FilterOperator,ProjectOperator,ProduceResultOperator)"
315638929369553,315638906492844,1,1,18306857,33,18306917,18340237,"StreamingPipeline(ExpandAllOperator,FilterOperator,ProjectOperator,ProduceResultOperator)"
315638962802831,315638929369553,1,1,18340290,33,18340336,18369101,"StreamingPipeline(ExpandAllOperator,FilterOperator,ProjectOperator,ProduceResultOperator)"
315638991679492,315638962802831,1,1,18369167,33,18369211,18393719,"StreamingPipeline(ExpandAllOperator,FilterOperator,ProjectOperator,ProduceResultOperator)"
315639016281641,315638991679492,1,1,18393769,33,18393836,18420806,"StreamingPipeline(ExpandAllOperator,FilterOperator,ProjectOperator,ProduceResultOperator)"
315639043366372,315639016281641,1,1,18420854,33,18420904,18446900,"StreamingPipeline(ExpandAllOperator,FilterOperator,ProjectOperator,ProduceResultOperator)"
315639069479330,315639043366372,1,1,18446967,33,18447014,18478508,"StreamingPipeline(ExpandAllOperator,FilterOperator,ProjectOperator,ProduceResultOperator)"
315639101077593,315639069479330,1,1,18478565,33,18478610,18507127,"StreamingPipeline(ExpandAllOperator,FilterOperator,ProjectOperator,ProduceResultOperator)"
315639129704671,315639101077593,1,1,18507192,33,18507257,18538164,"StreamingPipeline(ExpandAllOperator,FilterOperator,ProjectOperator,ProduceResultOperator)"
315639160733959,315639129704671,1,1,18538221,33,18538293,18567748,"StreamingPipeline(ExpandAllOperator,FilterOperator,ProjectOperator,ProduceResultOperator)"
315639190306408,315639160733959,1,1,18567794,33,18567860,18588427,"StreamingPipeline(ExpandAllOperator,FilterOperator,ProjectOperator,ProduceResultOperator)"
315639210996180,315639190306408,1,1,18588484,33,18588530,18609238,"StreamingPipeline(ExpandAllOperator,FilterOperator,ProjectOperator,ProduceResultOperator)"
315639231802213,315639210996180,1,1,18609290,33,18609334,18631378,"StreamingPipeline(ExpandAllOperator,FilterOperator,ProjectOperator,ProduceResultOperator)"
315639253943562,315639231802213,1,1,18631431,33,18631474,18652145,"StreamingPipeline(ExpandAllOperator,FilterOperator,ProjectOperator,ProduceResultOperator)"
315639274718175,315639253943562,1,1,18652206,33,18652274,18678080,"StreamingPipeline(ExpandAllOperator,FilterOperator,ProjectOperator,ProduceResultOperator)"
315639300632940,315639274718175,1,1,18678120,33,18678188,18704194,"StreamingPipeline(ExpandAllOperator,FilterOperator,ProjectOperator,ProduceResultOperator)"
315639326769291,315639300632940,1,1,18704257,33,18704306,18728470,"StreamingPipeline(ExpandAllOperator,FilterOperator,ProjectOperator,ProduceResultOperator)"
315639351046369,315639326769291,1,1,18728534,33,18728586,18749334,"StreamingPipeline(ExpandAllOperator,FilterOperator,ProjectOperator,ProduceResultOperator)"
315639371890943,315639351046369,1,1,18749378,33,18749428,18768244,"StreamingPipeline(ExpandAllOperator,FilterOperator,ProjectOperator,ProduceResultOperator)"
315639390820928,315639371890943,1,1,18768308,33,18768356,18781489,"StreamingPipeline(ExpandAllOperator,FilterOperator,ProjectOperator,ProduceResultOperator)"
315639404061794,315639390820928,1,1,18781549,33,18781637,18798721,"StreamingPipeline(ExpandAllOperator,FilterOperator,ProjectOperator,ProduceResultOperator)"
315639421317006,315639404061794,1,1,18798804,33,18798840,18820503,"StreamingPipeline(ExpandAllOperator,FilterOperator,ProjectOperator,ProduceResultOperator)"
315639443095215,315639421317006,1,1,18820583,33,18820660,18901413,"StreamingPipeline(ExpandAllOperator,FilterOperator,ProjectOperator,ProduceResultOperator)"
315639523973913,315639443095215,1,1,18901461,33,18901496,18922060,"StreamingPipeline(ExpandAllOperator,FilterOperator,ProjectOperator,ProduceResultOperator)"
315639544637112,315639523973913,1,1,18922125,33,18922161,18940262,"StreamingPipeline(ExpandAllOperator,FilterOperator,ProjectOperator,ProduceResultOperator)"
315639562845843,315639544637112,1,1,18940333,33,18940363,18959942,"StreamingPipeline(ExpandAllOperator,FilterOperator,ProjectOperator,ProduceResultOperator)"
315639582537417,315639562845843,1,1,18960025,33,18960075,18979076,"StreamingPipeline(ExpandAllOperator,FilterOperator,ProjectOperator,ProduceResultOperator)"
315639601673764,315639582537417,1,1,18979161,33,18979225,18999728,"StreamingPipeline(ExpandAllOperator,FilterOperator,ProjectOperator,ProduceResultOperator)"
315639622320143,315639601673764,1,1,18999808,33,18999854,19018429,"StreamingPipeline(ExpandAllOperator,FilterOperator,ProjectOperator,ProduceResultOperator)"
315639640990398,315639622320143,1,1,19018478,33,19018561,19038314,"StreamingPipeline(ExpandAllOperator,FilterOperator,ProjectOperator,ProduceResultOperator)"
315639660888355,315639640990398,1,1,19038376,33,19038415,19056087,"StreamingPipeline(ExpandAllOperator,FilterOperator,ProjectOperator,ProduceResultOperator)"
315639678651612,315639660888355,1,1,19056139,33,19056188,19076147,"StreamingPipeline(ExpandAllOperator,FilterOperator,ProjectOperator,ProduceResultOperator)"
315639698753694,315639678651612,1,1,19076241,33,19076282,19093377,"StreamingPipeline(ExpandAllOperator,FilterOperator,ProjectOperator,ProduceResultOperator)"
315639715940548,315639698753694,1,1,19093428,33,19093466,19116463,"StreamingPipeline(ExpandAllOperator,FilterOperator,ProjectOperator,ProduceResultOperator)"
315639739030387,315639715940548,1,1,19116518,33,19116550,19138862,"StreamingPipeline(ExpandAllOperator,FilterOperator,ProjectOperator,ProduceResultOperator)"
315639761422982,315639739030387,1,1,19138910,33,19138945,19162905,"StreamingPipeline(ExpandAllOperator,FilterOperator,ProjectOperator,ProduceResultOperator)"
315639785458664,315639761422982,1,1,19162946,33,19162970,19209315,"StreamingPipeline(ExpandAllOperator,FilterOperator,ProjectOperator,ProduceResultOperator)"
315639831889948,315639785458664,1,1,19209377,33,19209415,19327172,"StreamingPipeline(ExpandAllOperator,FilterOperator,ProjectOperator,ProduceResultOperator)"
315639949753914,315639831889948,1,1,19327241,33,19327282,19429973,"StreamingPipeline(ExpandAllOperator,FilterOperator,ProjectOperator,ProduceResultOperator)"
315640052532421,315639949753914,1,1,19430020,33,19430055,19633208,"StreamingPipeline(ExpandAllOperator,FilterOperator,ProjectOperator,ProduceResultOperator)"
315640255777612,315640052532421,1,1,19633265,33,19633307,19777323,"StreamingPipeline(ExpandAllOperator,FilterOperator,ProjectOperator,ProduceResultOperator)"
315640399890652,315640255777612,1,1,19777378,33,19777414,19932468,"StreamingPipeline(ExpandAllOperator,FilterOperator,ProjectOperator,ProduceResultOperator)"
315640555025823,315640399890652,1,1,19932513,33,19932546,20031039,"StreamingPipeline(ExpandAllOperator,FilterOperator,ProjectOperator,ProduceResultOperator)"
315640653602124,315640555025823,1,1,20031090,33,20031128,20106912,"StreamingPipeline(ExpandAllOperator,FilterOperator,ProjectOperator,ProduceResultOperator)"
315640729472724,315640653602124,1,1,20106960,33,20106995,20216739,"StreamingPipeline(ExpandAllOperator,FilterOperator,ProjectOperator,ProduceResultOperator)"
315640839311194,315640729472724,1,1,20216799,33,20216837,20347833,"StreamingPipeline(ExpandAllOperator,FilterOperator,ProjectOperator,ProduceResultOperator)"
315640970384694,315640839311194,1,1,20347872,33,20347910,20423910,"StreamingPipeline(ExpandAllOperator,FilterOperator,ProjectOperator,ProduceResultOperator)"
315641046472043,315640970384694,1,1,20423960,33,20424037,20472373,"StreamingPipeline(ExpandAllOperator,FilterOperator,ProjectOperator,ProduceResultOperator)"
315641094996698,315641046472043,1,1,20472484,33,20472534,20513627,"StreamingPipeline(ExpandAllOperator,FilterOperator,ProjectOperator,ProduceResultOperator)"
315641136192719,315641094996698,1,1,20513680,33,20513736,20538129,"StreamingPipeline(ExpandAllOperator,FilterOperator,ProjectOperator,ProduceResultOperator)"
315641160691304,315641136192719,1,1,20538179,33,20538231,20571214,"StreamingPipeline(ExpandAllOperator,FilterOperator,ProjectOperator,ProduceResultOperator)"
315641193764438,315641160691304,1,1,20571252,33,20571290,20625634,"StreamingPipeline(ExpandAllOperator,FilterOperator,ProjectOperator,ProduceResultOperator)"
315641248200330,315641193764438,1,1,20625688,33,20625723,20667060,"StreamingPipeline(ExpandAllOperator,FilterOperator,ProjectOperator,ProduceResultOperator)"
315641289627119,315641248200330,1,1,20667115,33,20667150,20703314,"StreamingPipeline(ExpandAllOperator,FilterOperator,ProjectOperator,ProduceResultOperator)"
315641325873781,315641289627119,1,1,20703361,33,20703398,20734996,"StreamingPipeline(ExpandAllOperator,FilterOperator,ProjectOperator,ProduceResultOperator)"
315641357557674,315641325873781,1,1,20735045,33,20735080,20777534,"StreamingPipeline(ExpandAllOperator,FilterOperator,ProjectOperator,ProduceResultOperator)"
315641400093941,315641357557674,1,1,20777581,33,20777616,20791423,"StreamingPipeline(ExpandAllOperator,FilterOperator,ProjectOperator,ProduceResultOperator)"
315641413972973,315641400093941,1,1,20791460,33,20791482,20846316,"StreamingPipeline(ExpandAllOperator,FilterOperator,ProjectOperator,ProduceResultOperator)"
315641468867008,315641413972973,1,1,20846355,33,20846376,20906564,"StreamingPipeline(ExpandAllOperator,FilterOperator,ProjectOperator,ProduceResultOperator)"
315641529194605,315641468867008,1,1,20906682,33,20906733,20946025,"StreamingPipeline(ExpandAllOperator,FilterOperator,ProjectOperator,ProduceResultOperator)"
315641568596960,315641529194605,1,1,20946084,33,20946151,20993879,"StreamingPipeline(ExpandAllOperator,FilterOperator,ProjectOperator,ProduceResultOperator)"
315641616439415,315641568596960,1,1,20993927,33,20993954,21100133,"StreamingPipeline(ExpandAllOperator,FilterOperator,ProjectOperator,ProduceResultOperator)"
315641722693222,315641616439415,1,1,21100181,33,21100215,21180009,"StreamingPipeline(ExpandAllOperator,FilterOperator,ProjectOperator,ProduceResultOperator)"
315641802565843,315641722693222,1,1,21180053,33,21180087,21254981,"StreamingPipeline(ExpandAllOperator,FilterOperator,ProjectOperator,ProduceResultOperator)"
315641877547292,315641802565843,1,1,21255035,33,21255074,21298891,"StreamingPipeline(ExpandAllOperator,FilterOperator,ProjectOperator,ProduceResultOperator)"
315641921453918,315641877547292,1,1,21298941,33,21298978,21364397,"StreamingPipeline(ExpandAllOperator,FilterOperator,ProjectOperator,ProduceResultOperator)"
315641986955015,315641921453918,1,1,21364443,33,21364465,21434286,"StreamingPipeline(ExpandAllOperator,FilterOperator,ProjectOperator,ProduceResultOperator)"
315642056846902,315641986955015,1,1,21434334,33,21434369,21495722,"StreamingPipeline(ExpandAllOperator,FilterOperator,ProjectOperator,ProduceResultOperator)"
315642118282245,315642056846902,1,1,21495770,33,21495805,21532544,"StreamingPipeline(ExpandAllOperator,FilterOperator,ProjectOperator,ProduceResultOperator)"
315642155108031,315642118282245,1,1,21532596,33,21532634,21565128,"StreamingPipeline(ExpandAllOperator,FilterOperator,ProjectOperator,ProduceResultOperator)"
315642187680896,315642155108031,1,1,21565168,33,21565198,21610993,"StreamingPipeline(ExpandAllOperator,FilterOperator,ProjectOperator,ProduceResultOperator)"
315642233551815,315642187680896,1,1,21611039,33,21611074,21641353,"StreamingPipeline(ExpandAllOperator,FilterOperator,ProjectOperator,ProduceResultOperator)"
315642263912561,315642233551815,1,1,21641400,33,21641434,21732663,"StreamingPipeline(ExpandAllOperator,FilterOperator,ProjectOperator,ProduceResultOperator)"
315642355220870,315642263912561,1,1,21732708,33,21732735,21839530,"StreamingPipeline(ExpandAllOperator,FilterOperator,ProjectOperator,ProduceResultOperator)"
315642462089690,315642355220870,1,1,21839577,33,21839610,21925115,"StreamingPipeline(ExpandAllOperator,FilterOperator,ProjectOperator,ProduceResultOperator)"
315642547673752,315642462089690,1,1,21925161,33,21925196,21960538,"StreamingPipeline(ExpandAllOperator,FilterOperator,ProjectOperator,ProduceResultOperator)"
315642583156630,315642547673752,1,1,21960644,33,21960690,22002114,"StreamingPipeline(ExpandAllOperator,FilterOperator,ProjectOperator,ProduceResultOperator)"
315642624670280,315642583156630,1,1,22002158,33,22002196,22217490,"StreamingPipeline(ExpandAllOperator,FilterOperator,ProjectOperator,ProduceResultOperator)"
315642840058088,315642624670280,1,1,22217546,33,22217581,22371552,"StreamingPipeline(ExpandAllOperator,FilterOperator,ProjectOperator,ProduceResultOperator)"
315642994108720,315642840058088,1,1,22371596,33,22371639,22429527,"StreamingPipeline(ExpandAllOperator,FilterOperator,ProjectOperator,ProduceResultOperator)"
315643052084931,315642994108720,1,1,22429572,33,22429606,22499369,"StreamingPipeline(ExpandAllOperator,FilterOperator,ProjectOperator,ProduceResultOperator)"
315643121934033,315643052084931,1,1,22499422,33,22499488,22556199,"StreamingPipeline(ExpandAllOperator,FilterOperator,ProjectOperator,ProduceResultOperator)"
315643178752432,315643121934033,1,1,22556240,33,22556271,22608997,"StreamingPipeline(ExpandAllOperator,FilterOperator,ProjectOperator,ProduceResultOperator)"
315643231554592,315643178752432,1,1,22609042,33,22609077,22652199,"StreamingPipeline(ExpandAllOperator,FilterOperator,ProjectOperator,ProduceResultOperator)"
315643274759684,315643231554592,1,1,22652247,33,22652282,22714742,"StreamingPipeline(ExpandAllOperator,FilterOperator,ProjectOperator,ProduceResultOperator)"
315643337298675,315643274759684,1,1,22714786,33,22714820,22788256,"StreamingPipeline(ExpandAllOperator,FilterOperator,ProjectOperator,ProduceResultOperator)"
315643410833706,315643337298675,1,1,22788321,33,22788398,22879600,"StreamingPipeline(ExpandAllOperator,FilterOperator,ProjectOperator,ProduceResultOperator)"
315643502168898,315643410833706,1,1,22879656,33,22879688,22984958,"StreamingPipeline(ExpandAllOperator,FilterOperator,ProjectOperator,ProduceResultOperator)"
315643607582415,315643502168898,1,1,22985070,33,22985124,23167169,"StreamingPipeline(ExpandAllOperator,FilterOperator,ProjectOperator,ProduceResultOperator)"
315643789730598,315643607582415,1,1,23167218,33,23167250,23271362,"StreamingPipeline(ExpandAllOperator,FilterOperator,ProjectOperator,ProduceResultOperator)"
315643893918713,315643789730598,1,1,23271406,33,23271440,23357566,"StreamingPipeline(ExpandAllOperator,FilterOperator,ProjectOperator,ProduceResultOperator)"
315643980122229,315643893918713,1,1,23357610,33,23357644,23511018,"StreamingPipeline(ExpandAllOperator,FilterOperator,ProjectOperator,ProduceResultOperator)"
315644133586356,315643980122229,1,1,23511074,33,23511105,23592364,"StreamingPipeline(ExpandAllOperator,FilterOperator,ProjectOperator,ProduceResultOperator)"
315644214924283,315644133586356,1,1,23592412,33,23592460,23723872,"StreamingPipeline(ExpandAllOperator,FilterOperator,ProjectOperator,ProduceResultOperator)"
315644346429045,315644214924283,1,1,23723917,33,23723963,23817235,"StreamingPipeline(ExpandAllOperator,FilterOperator,ProjectOperator,ProduceResultOperator)"
315644439816444,315644346429045,1,1,23817304,33,23817341,23867136,"StreamingPipeline(ExpandAllOperator,FilterOperator,ProjectOperator,ProduceResultOperator)"
315644489732960,315644439816444,1,1,23867220,33,23867272,23885689,"StreamingPipeline(ExpandAllOperator,FilterOperator,ProjectOperator,ProduceResultOperator)"
315644508244663,315644489732960,1,1,23885732,33,23885776,23906411,"StreamingPipeline(ExpandAllOperator,FilterOperator,ProjectOperator,ProduceResultOperator)"
315644529006285,315644508244663,1,1,23906494,33,23906544,23922927,"StreamingPipeline(ExpandAllOperator,FilterOperator,ProjectOperator,ProduceResultOperator)"
315644545505914,315644529006285,1,1,23922993,33,23923054,23939793,"StreamingPipeline(ExpandAllOperator,FilterOperator,ProjectOperator,ProduceResultOperator)"
315644562366315,315644545505914,1,1,23939854,33,23939889,23957358,"StreamingPipeline(ExpandAllOperator,FilterOperator,ProjectOperator,ProduceResultOperator)"
315644579909383,315644562366315,1,1,23957397,33,23957423,23973521,"StreamingPipeline(ExpandAllOperator,FilterOperator,ProjectOperator,ProduceResultOperator)"
315644596135137,315644579909383,1,1,23973623,33,23973650,23997344,"StreamingPipeline(ExpandAllOperator,FilterOperator,ProjectOperator,ProduceResultOperator)"
315644619902646,315644596135137,1,1,23997390,33,23997427,24015873,"StreamingPipeline(ExpandAllOperator,FilterOperator,ProjectOperator,ProduceResultOperator)"
315644638457672,315644619902646,1,1,24015945,33,24015991,24032078,"StreamingPipeline(ExpandAllOperator,FilterOperator,ProjectOperator,ProduceResultOperator)"
315644654623294,315644638457672,1,1,24032111,33,24032137,24050836,"StreamingPipeline(ExpandAllOperator,FilterOperator,ProjectOperator,ProduceResultOperator)"
315644673400357,315644654623294,1,1,24050888,33,24050926,24069246,"StreamingPipeline(ExpandAllOperator,FilterOperator,ProjectOperator,ProduceResultOperator)"
315644691800633,315644673400357,1,1,24069288,33,24069316,24086196,"StreamingPipeline(ExpandAllOperator,FilterOperator,ProjectOperator,ProduceResultOperator)"
315644708749965,315644691800633,1,1,24086237,33,24086265,24172511,"StreamingPipeline(ExpandAllOperator,FilterOperator,ProjectOperator,ProduceResultOperator)"
315644795070275,315644708749965,1,1,24172558,33,24172592,24292032,"StreamingPipeline(ExpandAllOperator,FilterOperator,ProjectOperator,ProduceResultOperator)"
315644914600167,315644795070275,1,1,24292088,33,24292122,24351468,"StreamingPipeline(ExpandAllOperator,FilterOperator,ProjectOperator,ProduceResultOperator)"
315644974024468,315644914600167,1,1,24351512,33,24351546,24436180,"StreamingPipeline(ExpandAllOperator,FilterOperator,ProjectOperator,ProduceResultOperator)"
315645058739169,315644974024468,1,1,24436227,33,24436262,24535296,"StreamingPipeline(ExpandAllOperator,FilterOperator,ProjectOperator,ProduceResultOperator)"
315645157851752,315645058739169,1,1,24535339,33,24535380,24606862,"StreamingPipeline(ExpandAllOperator,FilterOperator,ProjectOperator,ProduceResultOperator)"
315645229417230,315645157851752,1,1,24606905,33,24606937,24692270,"StreamingPipeline(ExpandAllOperator,FilterOperator,ProjectOperator,ProduceResultOperator)"
315645314828415,315645229417230,1,1,24692316,33,24692382,24741301,"StreamingPipeline(ExpandAllOperator,FilterOperator,ProjectOperator,ProduceResultOperator)"
315645363858566,315645314828415,1,1,24741346,33,24741379,24868019,"StreamingPipeline(ExpandAllOperator,FilterOperator,ProjectOperator,ProduceResultOperator)"
315645490579289,315645363858566,1,1,24868067,33,24868104,24957655,"StreamingPipeline(ExpandAllOperator,FilterOperator,ProjectOperator,ProduceResultOperator)"
315645580219439,315645490579289,1,1,24957707,33,24957750,24993418,"StreamingPipeline(ExpandAllOperator,FilterOperator,ProjectOperator,ProduceResultOperator)"
315645616001442,315645580219439,1,1,24993489,33,24993539,25048499,"StreamingPipeline(ExpandAllOperator,FilterOperator,ProjectOperator,ProduceResultOperator)"
315645671085851,315645616001442,1,1,25048573,33,25048616,25128881,"StreamingPipeline(ExpandAllOperator,FilterOperator,ProjectOperator,ProduceResultOperator)"
315645751438060,315645671085851,1,1,25128926,33,25128959,25171500,"StreamingPipeline(ExpandAllOperator,FilterOperator,ProjectOperator,ProduceResultOperator)"
315645794062035,315645751438060,1,1,25171550,33,25171615,25257201,"StreamingPipeline(ExpandAllOperator,FilterOperator,ProjectOperator,ProduceResultOperator)"
315645879768603,315645794062035,1,1,25257256,33,25257291,25324546,"StreamingPipeline(ExpandAllOperator,FilterOperator,ProjectOperator,ProduceResultOperator)"
315645947115667,315645879768603,1,1,25324603,33,25324640,25413561,"StreamingPipeline(ExpandAllOperator,FilterOperator,ProjectOperator,ProduceResultOperator)"
315646036131823,315645947115667,1,1,25413619,33,25413654,25447998,"StreamingPipeline(ExpandAllOperator,FilterOperator,ProjectOperator,ProduceResultOperator)"
315646070554448,315646036131823,1,1,25448042,33,25448076,25494636,"StreamingPipeline(ExpandAllOperator,FilterOperator,ProjectOperator,ProduceResultOperator)"
315646117289169,315646070554448,1,1,25494777,33,25494867,25619795,"StreamingPipeline(ExpandAllOperator,FilterOperator,ProjectOperator,ProduceResultOperator)"
315646242360498,315646117289169,1,1,25619848,33,25619887,25674595,"StreamingPipeline(ExpandAllOperator,FilterOperator,ProjectOperator,ProduceResultOperator)"
315646297147717,315646242360498,1,1,25674635,33,25674677,25733327,"StreamingPipeline(ExpandAllOperator,FilterOperator,ProjectOperator,ProduceResultOperator)"
315646355883005,315646297147717,1,1,25733370,33,25733414,25774896,"StreamingPipeline(ExpandAllOperator,FilterOperator,ProjectOperator,ProduceResultOperator)"
315646397451385,315646355883005,1,1,25774939,33,25774973,25853484,"StreamingPipeline(ExpandAllOperator,FilterOperator,ProjectOperator,ProduceResultOperator)"
315646476042345,315646397451385,1,1,25853530,33,25853580,25932037,"StreamingPipeline(ExpandAllOperator,FilterOperator,ProjectOperator,ProduceResultOperator)"
315646554627606,315646476042345,1,1,25932115,33,25932166,26006749,"StreamingPipeline(ExpandAllOperator,FilterOperator,ProjectOperator,ProduceResultOperator)"
315646629355802,315646554627606,1,1,26006843,33,26006935,26048462,"StreamingPipeline(ExpandAllOperator,FilterOperator,ProjectOperator,ProduceResultOperator)"
315646671032690,315646629355802,1,1,26048520,33,26048555,26067294,"StreamingPipeline(ExpandAllOperator,FilterOperator,ProjectOperator,ProduceResultOperator)"
315646689859702,315646671032690,1,1,26067347,33,26067381,26163313,"StreamingPipeline(ExpandAllOperator,FilterOperator,ProjectOperator,ProduceResultOperator)"
315646785887614,315646689859702,1,1,26163375,33,26163422,26310321,"StreamingPipeline(ExpandAllOperator,FilterOperator,ProjectOperator,ProduceResultOperator)"
315646932875277,315646785887614,1,1,26310363,33,26310390,26389103,"StreamingPipeline(ExpandAllOperator,FilterOperator,ProjectOperator,ProduceResultOperator)"
315647011666875,315646932875277,1,1,26389154,33,26389208,26455574,"StreamingPipeline(ExpandAllOperator,FilterOperator,ProjectOperator,ProduceResultOperator)"
315647078134081,315647011666875,1,1,26455622,33,26455704,26477190,"StreamingPipeline(ExpandAllOperator,FilterOperator,ProjectOperator,ProduceResultOperator)"
315647099748150,315647078134081,1,1,26477236,33,26477271,26490151,"StreamingPipeline(ExpandAllOperator,FilterOperator,ProjectOperator,ProduceResultOperator)"
315647112782022,315647099748150,1,1,26490270,33,26490326,26566702,"StreamingPipeline(ExpandAllOperator,FilterOperator,ProjectOperator,ProduceResultOperator)"
315647189269483,315647112782022,1,1,26566757,33,26566806,26708520,"StreamingPipeline(ExpandAllOperator,FilterOperator,ProjectOperator,ProduceResultOperator)"
315647331076217,315647189269483,1,1,26708564,33,26708612,26816494,"StreamingPipeline(ExpandAllOperator,FilterOperator,ProjectOperator,ProduceResultOperator)"
315647439106300,315647331076217,1,1,26816594,33,26816644,26913304,"StreamingPipeline(ExpandAllOperator,FilterOperator,ProjectOperator,ProduceResultOperator)"
315647535859333,315647439106300,1,1,26913347,33,26913383,27031082,"StreamingPipeline(ExpandAllOperator,FilterOperator,ProjectOperator,ProduceResultOperator)"
315647653634969,315647535859333,1,1,27031122,33,27031180,27125722,"StreamingPipeline(ExpandAllOperator,FilterOperator,ProjectOperator,ProduceResultOperator)"
315647748310898,315647653634969,1,1,27125798,33,27125899,27253414,"StreamingPipeline(ExpandAllOperator,FilterOperator,ProjectOperator,ProduceResultOperator)"
315647875994071,315647748310898,1,1,27253482,33,27253528,27398579,"StreamingPipeline(ExpandAllOperator,FilterOperator,ProjectOperator,ProduceResultOperator)"
315648021145520,315647875994071,1,1,27398633,33,27398663,27519874,"StreamingPipeline(ExpandAllOperator,FilterOperator,ProjectOperator,ProduceResultOperator)"
315648142432707,315648021145520,1,1,27519920,33,27519959,27588399,"StreamingPipeline(ExpandAllOperator,FilterOperator,ProjectOperator,ProduceResultOperator)"
315648210994442,315648142432707,1,1,27588482,33,27588507,27668308,"StreamingPipeline(ExpandAllOperator,FilterOperator,ProjectOperator,ProduceResultOperator)"
315648290866236,315648210994442,1,1,27668354,33,27668377,27697416,"StreamingPipeline(ExpandAllOperator,FilterOperator,ProjectOperator,ProduceResultOperator)"
315648319970777,315648290866236,1,1,27697458,33,27697483,27824706,"StreamingPipeline(ExpandAllOperator,FilterOperator,ProjectOperator,ProduceResultOperator)"
315648447266939,315648319970777,1,1,27824754,33,27824788,27928320,"StreamingPipeline(ExpandAllOperator,FilterOperator,ProjectOperator,ProduceResultOperator)"
315648550873963,315648447266939,1,1,27928361,33,27928381,28006760,"StreamingPipeline(ExpandAllOperator,FilterOperator,ProjectOperator,ProduceResultOperator)"
315648629370754,315648550873963,1,1,28006858,33,28006917,28106396,"StreamingPipeline(ExpandAllOperator,FilterOperator,ProjectOperator,ProduceResultOperator)"
315648728949780,315648629370754,1,1,28106437,33,28106462,28202471,"StreamingPipeline(ExpandAllOperator,FilterOperator,ProjectOperator,ProduceResultOperator)"
315648825025745,315648728949780,1,1,28202513,33,28202533,28261233,"StreamingPipeline(ExpandAllOperator,FilterOperator,ProjectOperator,ProduceResultOperator)"
315648883811435,315648825025745,1,1,28261299,33,28261343,28328753,"StreamingPipeline(ExpandAllOperator,FilterOperator,ProjectOperator,ProduceResultOperator)"
315648951306384,315648883811435,1,1,28328794,33,28328831,28387470,"StreamingPipeline(ExpandAllOperator,FilterOperator,ProjectOperator,ProduceResultOperator)"
315649010124750,315648951306384,1,1,28387612,33,28387650,28459533,"StreamingPipeline(ExpandAllOperator,FilterOperator,ProjectOperator,ProduceResultOperator)"
315649082097388,315649010124750,1,1,28459585,33,28459610,28535201,"StreamingPipeline(ExpandAllOperator,FilterOperator,ProjectOperator,ProduceResultOperator)"
315649157765232,315649082097388,1,1,28535253,33,28535284,28620447,"StreamingPipeline(ExpandAllOperator,FilterOperator,ProjectOperator,ProduceResultOperator)"
315649243001527,315649157765232,1,1,28620489,33,28620510,28715205,"StreamingPipeline(ExpandAllOperator,FilterOperator,ProjectOperator,ProduceResultOperator)"
315649337760765,315649243001527,1,1,28715248,33,28715273,28817160,"StreamingPipeline(ExpandAllOperator,FilterOperator,ProjectOperator,ProduceResultOperator)"
315649439719639,315649337760765,1,1,28817207,33,28817230,28923520,"StreamingPipeline(ExpandAllOperator,FilterOperator,ProjectOperator,ProduceResultOperator)"
315649546076292,315649439719639,1,1,28923564,33,28923588,29027996,"StreamingPipeline(ExpandAllOperator,FilterOperator,ProjectOperator,ProduceResultOperator)"
315649650652046,315649546076292,1,1,29028140,33,29028171,29087967,"StreamingPipeline(ExpandAllOperator,FilterOperator,ProjectOperator,ProduceResultOperator)"
315649710518814,315649650652046,1,1,29088006,33,29088028,29147062,"StreamingPipeline(ExpandAllOperator,FilterOperator,ProjectOperator,ProduceResultOperator)"
315649769616393,315649710518814,1,1,29147104,33,29147135,29211718,"StreamingPipeline(ExpandAllOperator,FilterOperator,ProjectOperator,ProduceResultOperator)"
315649834275640,315649769616393,1,1,29211763,33,29211783,29280583,"StreamingPipeline(ExpandAllOperator,FilterOperator,ProjectOperator,ProduceResultOperator)"
315649903139546,315649834275640,1,1,29280627,33,29280649,29358634,"StreamingPipeline(ExpandAllOperator,FilterOperator,ProjectOperator,ProduceResultOperator)"
315649981188606,315649903139546,1,1,29358676,33,29358701,29447168,"StreamingPipeline(ExpandAllOperator,FilterOperator,ProjectOperator,ProduceResultOperator)"
315650069721385,315649981188606,1,1,29447209,33,29447257,29547850,"StreamingPipeline(ExpandAllOperator,FilterOperator,ProjectOperator,ProduceResultOperator)"
315650170402971,315650069721385,1,1,29547890,33,29547910,29658363,"StreamingPipeline(ExpandAllOperator,FilterOperator,ProjectOperator,ProduceResultOperator)"
315650280919242,315650170402971,1,1,29658407,33,29658472,29718434,"StreamingPipeline(ExpandAllOperator,FilterOperator,ProjectOperator,ProduceResultOperator)"
315650340989994,315650280919242,1,1,29718477,33,29718497,29754735,"StreamingPipeline(ExpandAllOperator,FilterOperator,ProjectOperator,ProduceResultOperator)"
315650377312849,315650340989994,1,1,29754800,33,29754832,29868571,"StreamingPipeline(ExpandAllOperator,FilterOperator,ProjectOperator,ProduceResultOperator)"
315650491128617,315650377312849,1,1,29868616,33,29868640,29941704,"StreamingPipeline(ExpandAllOperator,FilterOperator,ProjectOperator,ProduceResultOperator)"
315650564257898,315650491128617,1,1,29941745,33,29941767,30014039,"StreamingPipeline(ExpandAllOperator,FilterOperator,ProjectOperator,ProduceResultOperator)"
315650636596562,315650564257898,1,1,30014084,33,30014112,30080801,"StreamingPipeline(ExpandAllOperator,FilterOperator,ProjectOperator,ProduceResultOperator)"
315650703355105,315650636596562,1,1,30080843,33,30080862,30158250,"StreamingPipeline(ExpandAllOperator,FilterOperator,ProjectOperator,ProduceResultOperator)"
315650780807231,315650703355105,1,1,30158295,33,30158328,30266952,"StreamingPipeline(ExpandAllOperator,FilterOperator,ProjectOperator,ProduceResultOperator)"
315650889528582,315650780807231,1,1,30267016,33,30267054,30349361,"StreamingPipeline(ExpandAllOperator,FilterOperator,ProjectOperator,ProduceResultOperator)"
315650971916469,315650889528582,1,1,30349404,33,30349427,30408474,"StreamingPipeline(ExpandAllOperator,FilterOperator,ProjectOperator,ProduceResultOperator)"
315621138986415,315620711227835,1,1,516474,36,518197,2058002,"StreamingPipeline(ExpandAllOperator,FilterOperator,ProjectOperator,ProduceResultOperator)"
315622807388734,315621138986415,1,1,2184876,36,2184949,2810422,"StreamingPipeline(ExpandAllOperator,FilterOperator,ProjectOperator,ProduceResultOperator)"
315623494962169,315622807388734,1,1,2872450,36,2872472,3995765,"StreamingPipeline(ExpandAllOperator,FilterOperator,ProjectOperator,ProduceResultOperator)"
315624735320297,315623494962169,1,1,4112808,36,4112845,4882105,"StreamingPipeline(ExpandAllOperator,FilterOperator,ProjectOperator,ProduceResultOperator)"
315625504698111,315624735320297,1,1,4882186,36,4882335,5678857,"StreamingPipeline(ExpandAllOperator,FilterOperator,ProjectOperator,ProduceResultOperator)"
315626301411411,315625504698111,1,1,5678899,36,5678948,6173133,"StreamingPipeline(ExpandAllOperator,FilterOperator,ProjectOperator,ProduceResultOperator)"
315626795681687,315626301411411,1,1,6173169,36,6173201,6646470,"StreamingPipeline(ExpandAllOperator,FilterOperator,ProjectOperator,ProduceResultOperator)"
315627387993768,315626795681687,1,1,6765481,36,6765565,7140894,"StreamingPipeline(ExpandAllOperator,FilterOperator,ProjectOperator,ProduceResultOperator)"
315627789102747,315627387993768,1,1,7166590,36,7166613,7486515,"StreamingPipeline(ExpandAllOperator,FilterOperator,ProjectOperator,ProduceResultOperator)"
315628109098910,315627789102747,1,1,7486586,36,7486664,7826763,"StreamingPipeline(ExpandAllOperator,FilterOperator,ProjectOperator,ProduceResultOperator)"
315628467215708,315628109098910,1,1,7844703,36,7844747,7989271,"StreamingPipeline(ExpandAllOperator,FilterOperator,ProjectOperator,ProduceResultOperator)"
315628626821163,315628467215708,1,1,8004309,36,8004349,8202118,"StreamingPipeline(ExpandAllOperator,FilterOperator,ProjectOperator,ProduceResultOperator)"
315628852488446,315628626821163,1,1,8229976,36,8230319,8579820,"StreamingPipeline(ExpandAllOperator,FilterOperator,ProjectOperator,ProduceResultOperator)"
315629202440295,315628852488446,1,1,8579928,36,8580049,8830134,"StreamingPipeline(ExpandAllOperator,FilterOperator,ProjectOperator,ProduceResultOperator)"
315629452698333,315629202440295,1,1,8830186,36,8830257,9035164,"StreamingPipeline(ExpandAllOperator,FilterOperator,ProjectOperator,ProduceResultOperator)"
315629657726413,315629452698333,1,1,9035214,36,9035286,9249165,"StreamingPipeline(ExpandAllOperator,FilterOperator,ProjectOperator,ProduceResultOperator)"
315629871740396,315629657726413,1,1,9249228,36,9249294,9471707,"StreamingPipeline(ExpandAllOperator,FilterOperator,ProjectOperator,ProduceResultOperator)"
315630094281668,315629871740396,1,1,9471769,36,9471839,9674929,"StreamingPipeline(ExpandAllOperator,FilterOperator,ProjectOperator,ProduceResultOperator)"
315630297497326,315630094281668,1,1,9674985,36,9675029,9933833,"StreamingPipeline(ExpandAllOperator,FilterOperator,ProjectOperator,ProduceResultOperator)"
315630556473509,315630297497326,1,1,9933961,36,9934080,10118201,"StreamingPipeline(ExpandAllOperator,FilterOperator,ProjectOperator,ProduceResultOperator)"
315630740763289,315630556473509,1,1,10118251,36,10118318,10344707,"StreamingPipeline(ExpandAllOperator,FilterOperator,ProjectOperator,ProduceResultOperator)"
315630967275393,315630740763289,1,1,10344763,36,10344876,10554105,"StreamingPipeline(ExpandAllOperator,FilterOperator,ProjectOperator,ProduceResultOperator)"
315631176664239,315630967275393,1,1,10554152,36,10554239,10757565,"StreamingPipeline(ExpandAllOperator,FilterOperator,ProjectOperator,ProduceResultOperator)"
315631380130447,315631176664239,1,1,10757618,36,10757654,10965389,"StreamingPipeline(ExpandAllOperator,FilterOperator,ProjectOperator,ProduceResultOperator)"
315631587952758,315631380130447,1,1,10965440,36,10965511,11123715,"StreamingPipeline(ExpandAllOperator,FilterOperator,ProjectOperator,ProduceResultOperator)"
315631746287674,315631587952758,1,1,11123775,36,11123859,11251936,"StreamingPipeline(ExpandAllOperator,FilterOperator,ProjectOperator,ProduceResultOperator)"
315631874525855,315631746327664,1,1,11252013,36,11252052,11287483,"StreamingPipeline(ExpandAllOperator,FilterOperator,ProjectOperator,ProduceResultOperator)"
315632034532309,315631874525855,1,1,11412020,36,11412059,11457427,"StreamingPipeline(ExpandAllOperator,FilterOperator,ProjectOperator,ProduceResultOperator)"
315632194459467,315632034532309,1,1,11571947,36,11571984,11617658,"StreamingPipeline(ExpandAllOperator,FilterOperator,ProjectOperator,ProduceResultOperator)"
315632321602892,315632194459467,1,1,11699090,36,11699132,11744894,"StreamingPipeline(ExpandAllOperator,FilterOperator,ProjectOperator,ProduceResultOperator)"
315632499958968,315632321602892,1,1,11877446,36,11877475,11914736,"StreamingPipeline(ExpandAllOperator,FilterOperator,ProjectOperator,ProduceResultOperator)"
315632690169138,315632499958968,1,1,12067657,36,12067696,12095984,"StreamingPipeline(ExpandAllOperator,FilterOperator,ProjectOperator,ProduceResultOperator)"
315632951164393,315632690128688,1,1,12328652,36,12328716,12468693,"StreamingPipeline(ExpandAllOperator,FilterOperator,ProjectOperator,ProduceResultOperator)"
315633091252278,315632951164393,1,1,12468740,36,12468797,12638181,"StreamingPipeline(ExpandAllOperator,FilterOperator,ProjectOperator,ProduceResultOperator)"
315633260743339,315633091252278,1,1,12638231,36,12638298,12865516,"StreamingPipeline(ExpandAllOperator,FilterOperator,ProjectOperator,ProduceResultOperator)"
315633488095322,315633260743339,1,1,12865583,36,12865741,13014642,"StreamingPipeline(ExpandAllOperator,FilterOperator,ProjectOperator,ProduceResultOperator)"
315633637208053,315633488095322,1,1,13014696,36,13014769,13109331,"StreamingPipeline(ExpandAllOperator,FilterOperator,ProjectOperator,ProduceResultOperator)"
315633731877291,315633637208053,1,1,13109365,36,13109427,13265869,"StreamingPipeline(ExpandAllOperator,FilterOperator,ProjectOperator,ProduceResultOperator)"
315633888427712,315633731877291,1,1,13265915,36,13265982,13473430,"StreamingPipeline(ExpandAllOperator,FilterOperator,ProjectOperator,ProduceResultOperator)"
315634095990509,315633888427712,1,1,13473478,36,13473511,13596206,"StreamingPipeline(ExpandAllOperator,FilterOperator,ProjectOperator,ProduceResultOperator)"
315634218757573,315634095990509,1,1,13596245,36,13596324,13728044,"StreamingPipeline(ExpandAllOperator,FilterOperator,ProjectOperator,ProduceResultOperator)"
315634350607543,315634218757573,1,1,13728095,36,13728161,13864916,"StreamingPipeline(ExpandAllOperator,FilterOperator,ProjectOperator,ProduceResultOperator)"
315634487542374,315634350607543,1,1,13865030,36,13865123,13995735,"StreamingPipeline(ExpandAllOperator,FilterOperator,ProjectOperator,ProduceResultOperator)"
315634618290785,315634487542374,1,1,13995778,36,13995846,14084501,"StreamingPipeline(ExpandAllOperator,FilterOperator,ProjectOperator,ProduceResultOperator)"
315634707062983,315634618290785,1,1,14084550,36,14084609,14202905,"StreamingPipeline(ExpandAllOperator,FilterOperator,ProjectOperator,ProduceResultOperator)"
315634825464671,315634707062983,1,1,14202952,36,14203010,14327769,"StreamingPipeline(ExpandAllOperator,FilterOperator,ProjectOperator,ProduceResultOperator)"
315634950330687,315634825464671,1,1,14327818,36,14327879,14409705,"StreamingPipeline(ExpandAllOperator,FilterOperator,ProjectOperator,ProduceResultOperator)"
315635032276450,315634950330687,1,1,14409764,36,14409855,14520886,"StreamingPipeline(ExpandAllOperator,FilterOperator,ProjectOperator,ProduceResultOperator)"
315635143491523,315635032276450,1,1,14520979,36,14521048,14605541,"StreamingPipeline(ExpandAllOperator,FilterOperator,ProjectOperator,ProduceResultOperator)"
315635228110691,315635143491523,1,1,14605598,36,14605670,14683049,"StreamingPipeline(ExpandAllOperator,FilterOperator,ProjectOperator,ProduceResultOperator)"
315635305609559,315635228110691,1,1,14683097,36,14683154,14752578,"StreamingPipeline(ExpandAllOperator,FilterOperator,ProjectOperator,ProduceResultOperator)"
315635375140345,315635305609559,1,1,14752628,36,14752685,14791659,"StreamingPipeline(ExpandAllOperator,FilterOperator,ProjectOperator,ProduceResultOperator)"
315635414255661,315635375169997,1,1,14791743,36,14791778,14819532,"StreamingPipeline(ExpandAllOperator,FilterOperator,ProjectOperator,ProduceResultOperator)"
315635502026226,315635414255661,1,1,14879514,36,14879555,14906734,"StreamingPipeline(ExpandAllOperator,FilterOperator,ProjectOperator,ProduceResultOperator)"
315635545072305,315635501959527,1,1,14922560,36,14922625,14983298,"StreamingPipeline(ExpandAllOperator,FilterOperator,ProjectOperator,ProduceResultOperator)"
315635605869627,315635545072305,1,1,14983357,36,14983410,15044070,"StreamingPipeline(ExpandAllOperator,FilterOperator,ProjectOperator,ProduceResultOperator)"
315635666653452,315635605869627,1,1,15044141,36,15044176,15152943,"StreamingPipeline(ExpandAllOperator,FilterOperator,ProjectOperator,ProduceResultOperator)"
315635775505024,315635666653452,1,1,15152993,36,15153066,15231445,"StreamingPipeline(ExpandAllOperator,FilterOperator,ProjectOperator,ProduceResultOperator)"
315635854007502,315635775505024,1,1,15231495,36,15231588,15279168,"StreamingPipeline(ExpandAllOperator,FilterOperator,ProjectOperator,ProduceResultOperator)"
315635901756031,315635854064265,1,1,15279244,36,15279347,15325011,"StreamingPipeline(ExpandAllOperator,FilterOperator,ProjectOperator,ProduceResultOperator)"
315635973650059,315635901756031,1,1,15351138,36,15351176,15401383,"StreamingPipeline(ExpandAllOperator,FilterOperator,ProjectOperator,ProduceResultOperator)"
315636023934429,315635973650059,1,1,15401422,36,15401476,15441078,"StreamingPipeline(ExpandAllOperator,FilterOperator,ProjectOperator,ProduceResultOperator)"
315636110067665,315636023934429,1,1,15487555,36,15487580,15520462,"StreamingPipeline(ExpandAllOperator,FilterOperator,ProjectOperator,ProduceResultOperator)"
315636217272803,315636110067665,1,1,15594760,36,15594830,15625110,"StreamingPipeline(ExpandAllOperator,FilterOperator,ProjectOperator,ProduceResultOperator)"
315636327935237,315636217272803,1,1,15705423,36,15705459,15724289,"StreamingPipeline(ExpandAllOperator,FilterOperator,ProjectOperator,ProduceResultOperator)"
315636409043047,315636327935237,1,1,15786531,36,15786563,15809455,"StreamingPipeline(ExpandAllOperator,FilterOperator,ProjectOperator,ProduceResultOperator)"
315636511034295,315636409043047,1,1,15888522,36,15888556,15911621,"StreamingPipeline(ExpandAllOperator,FilterOperator,ProjectOperator,ProduceResultOperator)"
315636539338094,315636511034295,1,1,15916826,36,15916859,15935151,"StreamingPipeline(ExpandAllOperator,FilterOperator,ProjectOperator,ProduceResultOperator)"
315636606983031,315636539338094,1,1,15984471,36,15984502,16005782,"StreamingPipeline(ExpandAllOperator,FilterOperator,ProjectOperator,ProduceResultOperator)"
315636628770293,315636606983031,1,1,16006258,36,16006296,16028645,"StreamingPipeline(ExpandAllOperator,FilterOperator,ProjectOperator,ProduceResultOperator)"
315636668226121,315636628770293,1,1,16045714,36,16045770,16070701,"StreamingPipeline(ExpandAllOperator,FilterOperator,ProjectOperator,ProduceResultOperator)"
315636717926696,315636668226121,1,1,16095414,36,16095454,16114579,"StreamingPipeline(ExpandAllOperator,FilterOperator,ProjectOperator,ProduceResultOperator)"
315636751359830,315636717896571,1,1,16128847,36,16128913,16142874,"StreamingPipeline(ExpandAllOperator,FilterOperator,ProjectOperator,ProduceResultOperator)"
315636765442524,315636751359830,1,1,16142930,36,16142987,16146220,"StreamingPipeline(ExpandAllOperator,FilterOperator,ProjectOperator,ProduceResultOperator)"